image_url,annotation_text_description,annotation_user_intent,annotation_has_feor,annotation_has_synagogue
"https://sun9-82.userapi.com/s/v1/ig1/EeOdHg7Z3Mns2qWiscfz4xzeKykALU5g4ob875hcPy9oIE-Od5Shp2mc6Ec_AwWvuqEVIxX_.jpg?quality=96&as=32x43,48x64,72x96,108x144,160x214,240x320,360x481,480x641,540x721,640x855,719x960&from=bu&cs=719x0","Стеклянный фасад с шестиугольной плиткой, отражающие деревья и небо; внизу виден логотип 'SOTA'",показать здание/архитектуру,False,False
"https://sun9-64.userapi.com/s/v1/if2/Ppnh5Ix7GGJNj5vjpzHWrCu2ulysscDX00NAcct3X7_Z5YzxwY_G_TujKo1RlS6Sh_e2cihQKx8iKxZtxoaoaqSl.jpg?quality=96&as=32x24,48x36,72x54,108x81,160x120,240x180,360x270,480x360,540x405,640x480,720x540,1080x810,1280x960,1440x1080,2560x1920&from=bu&cs=2560x0","Два человека на снегу во дворе, улыбаются и позируют перед камерой. На заднем плане детская площадка с качелями и дома. Яркий зимний день, люди в шапках и пуховиках.",сделать селфи,False,False
"https://sun9-3.userapi.com/s/v1/ig2/v9B0oNXkJH9xGdzE9rOr4XSKQ8m1pnrsVVlhTsO3qVPtaCk-pAVSo57qjwUgCi_ULpfEDkCqp4EQX8kB3RjMgqGi.jpg?quality=95&as=32x43,48x64,72x96,108x144,160x213,240x320,360x480,480x640,540x720,640x853,720x960,1080x1440,1280x1707,1440x1920,1920x2560&from=bu&cs=1920x0",Осенняя уличная сцена: на переднем плане висит ярко-оранжевый тыквенный фонарик (Хэллоуин) между зелёными листьями; на фоне видна белая машина и фасад здания.,показать уличное украшение на растении на фоне города,False,False
"https://sun9-75.userapi.com/s/v1/ig2/EwwRvaVvlih5tyedqlKzch0CCQDrmWBmk4ZXu1QGJU4cWNmQB7o7A6V79SaheF0ycDUPbFimjrnLFQAdTikV3Dss.jpg?quality=96&as=32x43,48x64,72x96,108x144,160x213,240x320,360x480,480x640,540x720,640x853,720x960&from=bu&cs=720x0","Стеклянный фасад здания с читаемой надписью; на переднем плане двое мужчин на лестнице работают над вывеской витрины, вокруг отражаются автомобили и жилые дома.",показать процесс установки вывески на витрине,False,False
"https://sun9-86.userapi.com/s/v1/if2/SHXbvy_2f1co9NxUOWt9S8ctp8Lz3l7wjJIsLiHLY9GNbAhX8V8f26jFVXMwWUfN9BmLU4bxB8m3IkfURdGG_gh4.jpg?quality=96&as=32x24,48x36,72x54,108x81,160x120,240x180,360x270,480x360,540x405,640x480,720x540,1080x810,1280x960,1440x1080,2560x1920&from=bu&cs=2560x0","Фасад здания с магазинами на первом этаже, на фасаде видны вывески; перед входами стоят люди, вокруг газон и кустарники.",задокументировать городскую сцену,False,False
"https://sun9-18.userapi.com/s/v1/ig2/Mhcd314YjNXwVXNpUn5vR1S0FMMs_GRc3Zu42FE_2H1RsJpSdO3x6T310vRdg6Fku01VxiujJcwQhmdBLxn-K2ou.jpg?quality=96&as=32x43,48x64,72x96,108x144,160x213,240x320,360x480,480x640,540x720,640x853,720x960,1080x1440,1104x1472&from=bu&cs=1104x0",Ночная улица: ярко освещенная архитектурная конструкция с неоновыми вывесками на фоне темного неба.,показать неоновую вывеску на ночной улице,False,False
"https://sun9-66.userapi.com/s/v1/ig1/WssSFK4P99Ckhn8csK8gTS9Rsm0IzsYeySo_0dm0EgSyZkZf-Xo5gjb_OtCtFSsw_NCrvMdi.jpg?quality=96&as=32x43,48x64,72x96,108x144,160x213,240x320,360x480,480x640,540x720,640x853,720x960,780x1040&from=bu&cs=780x0","Ребенок в темной куртке и шапке, на лице разноцветная краска; позирует возле витрины магазина на улице; стоит на ступенях перед зданием.",сделать портрет ребенка,False,False
"https://sun9-74.userapi.com/s/v1/if2/3gvXE2RuuyC_csFJRcNxXPuMEgD9S4BOjqu5crPHCfaSk5OM31kMVg9Lpts19Mi3yUV_qw2lwlMaEWaV4dpuCkk7.jpg?quality=96&as=32x24,48x36,72x54,108x81,160x120,240x180,360x270,480x360,540x405,640x480,720x540,1080x810,1280x960,1440x1080,1600x1200&from=bu&cs=1600x0","Группа из пяти человек позирует перед ночным городским фасадом с яркой неоновой вывеской; улица освещена фонарями, на заднем плане видны деревья и здание.",сделать групповое фото,False,False
"https://sun9-79.userapi.com/s/v1/ig1/8KYOgR0VtqSVkeBbZDJFEyn8I95fJVnvs339m46-fKmi14enHGUgpzbGK_6GGiq8XAA8rqAF.jpg?quality=96&as=32x43,48x64,72x96,108x144,160x214,240x320,360x481,480x641,540x721,640x855,719x960&from=bu&cs=719x0","Два мальчика на уличной территории, один держит телефон; позируют/смотрят на экран; на заднем плане многоэтажный жилой дом, деревья и цветущая зелень вдоль тротуара",показать двух детей на улице,False,False
"https://sun9-70.userapi.com/s/v1/if2/ba3JiFawK4BYrlv9c3IfuY-cxAbQbA_ihgphJu-3NPxIAwtH4zIWRCRYQtN_CiYD4MDl_EJLBhwLJF4DvMeeQnN9.jpg?quality=96&as=32x24,48x36,72x54,108x81,160x120,240x180,360x270,480x360,540x405,640x480,720x540,1080x810,1280x960&from=bu&cs=1280x0","Желтое здание с магазинами на первом этаже; витрины и вывески над входами, мокрый тротуар, ветка, упавшая на землю, белый забор перед газоном",показать фасад здания с магазинами на улице,False,False
"https://sun9-75.userapi.com/s/v1/if2/aQPcU-13HSVVWF4giHkmozXQ2dIaz6s_VyB8pzLdtyPNdOF5u7tXIaHcD27Mp_PLe-Q6wKfhTVOuBa2bTghmrQN6.jpg?quality=96&as=32x24,48x36,72x54,108x81,160x120,240x180,360x270,480x360,540x405,640x480,720x540,1080x810,1280x960,1440x1080,1920x1440&from=bu&cs=1920x0",Черно-рыжевая собака на поводке стоит среди желтых осенних листьев на лужайке; на фоне видны дома.,показать собаку на прогулке,False,False
"https://sun9-35.userapi.com/s/v1/if1/jB2wO5oXysLSv6On7E9qLTiK0IcizXtvE1j2TcErtGgEmnqFQJzTR-3FdlflOF9pxrdknKvn.jpg?quality=96&as=32x18,48x27,72x40,108x61,160x90,240x135,360x202,480x270,540x303,640x359,720x404,1080x607,1280x719,1440x809,2560x1438&from=bu&cs=2560x0","Уличная сцена: на переднем плане ярко-красная надпись «СЧАСТЬЕ В ГОРАХ» на металлических/PВ стойках; за ней вход в магазин с витриной и фасад здания, вокруг кусты и зелень",показать уличную сцену с надписью на переднем плане,False,False
"https://sun9-40.userapi.com/s/v1/if1/wWPYvfJ8hTqA-oswgpNMeF1ptmKMCGPRAYcrPMp3tj-w8OW4ZNua7kbYo1VQXCL7wiKNDflO.jpg?quality=96&as=32x18,48x27,72x41,108x61,160x90,240x135,360x203,480x270,540x304,640x360,720x405,1080x608,1280x720,1440x811,2560x1441&from=bu&cs=2560x0","Улица перед жилым многоквартирным домом: тротуар, забор, небольшой пандус и растительность у фасада; на стене граффити.",показать фасад здания на улице и придомовую территорию,False,False
"https://sun9-7.userapi.com/s/v1/if2/Ie-HNHEA1hpVC06g3mBfbWYWPH0iJSvCpRV-vedOxkq5orE5Ilaa8DA6YhdzEA1GL4g5eZv5qv12sUg1xBW7bewN.jpg?quality=95&as=32x24,48x36,72x54,108x81,160x120,240x180,360x270,480x360,540x405,640x480,720x540,1080x810,1280x960,1440x1080,2560x1920&from=bu&cs=2560x0","Уличный мурал на длинной стене: яркие мультяшные существа, преимущественно синие медведи и птицы, красочный фон. Стена примыкает к тротуару, над ней видна часть дерева.",показать уличное граффити,False,False
"https://sun9-36.userapi.com/s/v1/ig2/Hvy_DwSjxfyzzdh13y9rs8DZ2H3alugkERR4DZHBhb5yIjkermfDzqq8SxmV5kVsOBcZ8doH3FQS6qQyFYeob-wQ.jpg?quality=96&as=32x43,48x64,72x96,108x144,160x214,240x321,360x482,480x642,540x722,640x856,720x963,1080x1445,1196x1600&from=bu&cs=1196x0","Группа из четырех человек стоит на тротуаре перед многоэтажным зданием, улыбаются.",сделать групповое фото на улице,False,False
"https://sun9-72.userapi.com/s/v1/ig1/dA1VVko5BrwTXHXhBEFyjXFTBpmXho4fDhOwE2wKROXXpBbCu0WGrefEtsL8PegAA4BIYqPt.jpg?quality=96&as=32x43,48x64,72x96,108x144,160x213,240x320,360x480,480x640,540x720,640x853,720x960,1080x1440,1280x1707,1440x1920,1620x2160&from=bu&cs=1620x0","Мужчина делает селфи на улице, держит красную розу; на фоне видны городские здания и вывески",сделать селфи с розой,False,False
"https://sun9-65.userapi.com/s/v1/ig2/VHUSj9mcU6i7Y16KoylVlEeX_h1y1_52aA1jzbVMNa3KTiVsqQ7H45h7UjcfWq4KSyjNjyYGd-UibTT_JYjoB9of.jpg?quality=95&as=32x43,48x64,72x96,108x144,160x213,240x320,360x480,480x640,540x720,640x853,720x960,1080x1440,1280x1707,1440x1920,1920x2560&from=bu&cs=1920x0","Уличный тротуар в снегу и грязи; слева виден фасад здания, вдоль дороги лежат снежные кучи, на проезжей части — автомобили",показать зимнюю городскую улицу,False,False
"https://sun9-45.userapi.com/s/v1/ig2/cFG_VR5h7SXshbjsHfxYAAa_C9YTR-kBEFMYiN62MfQ7SirT7GY3VvOw9_a0Q6ZMwZxaWb_NijhTpuPwCQ2MPenH.jpg?quality=96&as=32x43,48x64,72x96,108x144,160x213,240x320,360x480,480x640,540x720,640x853,720x960,1080x1440,1280x1707,1440x1920,1620x2160&from=bu&cs=1620x0","Уличная граффити на стене с изображением пожилой женщины, которая держит красный предмет; слева граффити, справа надпись HA!",показать уличное искусство,False,False
"https://sun9-79.userapi.com/s/v1/if2/yDHyJ4ynwcUUzkaSmTFg0gR4zPOG-dsBjTCPq2lnHRcfaxaL1O9MuUEuiExesAwcLHF10nh8qNh3HpO2t7qgfOUg.jpg?quality=95&as=32x15,48x22,72x33,108x50,160x74,240x111,360x166,480x221,540x249,640x295,720x332,1080x498,1280x590,1440x664,2560x1180&from=bu&cs=2560x0","Фасад магазинов вдоль улицы, на газоне перед входами размещены крупные оранжевые буквы",показать фасад магазина и улицу,False,False
"https://sun9-79.userapi.com/s/v1/if2/2thv0Vp5NnmksI9VyHfqDEyT3YqIGLf6ZE1kn4-WCiy2CNky3oT8dkj0rzqrJnfkMEk1IJs-_c3locHezXKwM2M8.jpg?quality=95&as=32x24,48x36,72x54,108x81,160x120,240x180,360x270,480x360,540x405,640x480,720x540,1080x810,1280x960,1440x1080,2560x1920&from=bu&cs=2560x0","Круглое витринное окно на фасаде здания с аркой; через стекло видна городская улица, отражаются прохожие и афиши на стене внутри витрины",задокументировать городскую сцену,False,False
"https://sun9-7.userapi.com/s/v1/if2/5-jhXRE0hloIdrTiO03hx1_Be78YsgtcRKKeBOZeZiOqATQ3boZoIdLL2vsuqsZKjZ4VW1JKEC8Asky5eRpL5Wxz.jpg?quality=96&as=32x24,48x36,72x54,108x81,160x120,240x180,360x270,480x360,540x405,640x480,720x540,1080x810,1280x960&from=bu&cs=1280x0","Фасад желтого кирпичного здания по улице с вывесками, белый забор и голые ветви деревьев на переднем плане",показать фасад здания с вывесками,False,False
"https://sun9-79.userapi.com/s/v1/ig2/UoGZwCTLEJd6gEC_W9P36TM8Enx4Phin18S_RSxN0drrPK6mwysvAS3Azi0-6ubwEPnPAvvYLACinuRJzJGOOJcF.jpg?quality=96&as=32x43,48x64,72x96,108x144,160x213,240x320,360x480,480x640,540x720,640x853,720x960,1080x1440,1200x1600&from=bu&cs=1200x0",На переднем плане мужчина в белой футболке стоит на газоне перед фасадом здания с вывесками; рядом декоративные буквы 'Счастье в городе' на земле,показать человека на улице,False,False
"https://sun9-83.userapi.com/s/v1/if2/XEzFHjSWnHMWN2WXO9fvdo3JqFIjSo507owybu1hn1hPPWKwtlwcLIOu2LcgEp_8z3n1MSyn6XHQCiLVPiv3Hdmb.jpg?quality=96&as=32x24,48x36,72x54,108x81,160x120,240x180,360x270,480x360,540x405,640x480,720x540,1080x810,1280x960&from=bu&cs=1280x0",Павшая ветка дерева на мокрой газонной территории рядом с белым забором вдоль улицы; на заднем плане стоят автомобили и многоэтажные здания,задокументировать городскую сцену,False,False
"https://sun9-78.userapi.com/s/v1/ig2/lx97lI7lYbQMMjLYBOvAQ9bqw4ZnL5nLSh1iKl4JbdZyQKV7XB7e5UIbwbId8sEBl4oMt9jgji1rcnDCcXkd6l2r.jpg?quality=95&as=32x43,48x64,72x96,108x144,160x213,240x320,360x480,480x640,540x720,640x853,720x960,1080x1440,1280x1707,1440x1920,1920x2560&from=bu&cs=1920x0",Человек в тёплой одежде с лопатой откапывает снег у кирпично-розового здания с арочным окном,показать процесс уборки снега на улице,False,False
"https://sun9-27.userapi.com/s/v1/ig2/QiBCNwpVlIDvX8BV6cfHfxxfi1aYVeevXZfWly1_nhx83DtfXGQyPC9aqSL0gOoVBQWugTOzyxL8Jjq4-YseDnCa.jpg?quality=96&as=32x43,48x64,72x96,108x144,160x213,240x320,360x480,480x640,540x720,640x853,720x960&from=bu&cs=720x0",Два мужчины стоят на лестнице перед большой стеклянной витриной магазина на улице; отражаются деревья и здания на стекле.,показать работу на витрине магазина,False,False
"https://sun9-2.userapi.com/s/v1/ig1/XCj03d9NmdicqUBIuAegGHw3zLfNp3o0QjAAQceWqEmek0riMjm_ldvSHb7SORMleEt7sePE.jpg?quality=96&as=32x43,48x64,72x96,108x144,160x213,240x320,360x480,480x640,540x720,640x853,720x960,780x1040&from=bu&cs=780x0",Красная надпись на снегу перед кустами; на заднем плане видна часть здания с окном,задокументировать городскую сцену,False,False
"https://sun9-88.userapi.com/s/v1/ig1/uhp0MQzZtweAmJse_P1mTdHnTAwqRFP42GVd8Q6ffgrwqhbzvN-0xRgO1UVToyTKP268FGx7.jpg?quality=96&as=32x43,48x64,72x96,108x144,160x213,240x320,360x480,480x640,540x720,640x853,720x960&from=bu&cs=720x0","Стеклянный фасад здания с шестигранными панелями; на лестнице работают люди, и идёт процесс нанесения надписи на стекло, в отражении видны соседние дома и автомобили.",показать фасад здания и рабочий процесс на лестнице,False,False
"https://sun9-17.userapi.com/s/v1/ig2/0x_eVXth7sgKhwR6H1UusonLiV7tKCC9evOIO12y2stWyWHyX8vceMxbRQu3IkWRvkmrKPToa5JVZ3ZHM-Muko6t.jpg?quality=95&as=32x43,48x64,72x96,108x144,160x213,240x320,360x480,480x640,540x720,640x853,720x960,1080x1440,1280x1707,1440x1920,1920x2560&from=bu&cs=1920x0","Красное кирпичное здание с белыми декоративными элементами на улице; рядом деревья, тротуар и дорожная часть видны слева",показать здание,False,False
"https://sun9-79.userapi.com/s/v1/ig1/SZkonj7558besStZoJ2aCASRmATLd0-rEPW1Aa6S75QHpuXDgQD9yZ0dIca2WH04l9Hyv2Kj.jpg?quality=96&as=32x43,48x64,72x96,108x144,160x213,240x320,360x480,480x640,540x720,640x853,720x960&from=bu&cs=720x0","Маленькая девочка в розово-белом спортивном костюме позирует на газоне у дороги; за ней серый внедорожник и деревья, на фоне многоэтажного дома.",показать ребенка на прогулке,False,False
"https://sun9-2.userapi.com/s/v1/if2/fpnm3D5JKkG_5yAPDgf_hxE3uEvkjV-X4X9Tvf6PxGoQhbGz6pM9t2G6C-SFNsIPUF-6JUZq4Pi_OY2jHoOFRdU2.jpg?quality=95&as=32x24,48x36,72x54,108x81,160x120,240x180,360x270,480x360,540x405,640x480,720x540,1080x810,1280x960,1440x1080,1920x1440&from=bu&cs=1920x0","Группа людей на открытой площадке перед зданием; все улыбаются и поднимают руки, создавая радостную композицию. Перед ними на земле расположено круглое кострище с пеплом.",провести групповую фотосессию на улице,False,False
"https://sun9-88.userapi.com/s/v1/ig2/JSc36_KxJlKVAd3greVcqTfrkeQS-yAUn0kA3S4DMi0tIOtqY72hQSggVXXfP16cV2QZI3eQa_-_6aE9fWUQRcsR.jpg?quality=95&as=32x43,48x64,72x96,108x144,160x213,240x320,360x480,480x640,540x721,640x854,720x961,1080x1441,1280x1708,1388x1852&from=bu&cs=1388x0","Три женщины стоят на улице, позируют перед камерой; на заднем плане видны здания и улица.",позирование группы на улице,False,False
"https://sun9-88.userapi.com/s/v1/if1/po5l_Bat5FavfuY3m0rbGDYS2a55nEHQA_V6vqZrYbeV_oDftGtp33mY4Q07n1M13vjAn3hH.jpg?quality=96&as=32x18,48x27,72x40,108x61,160x90,240x135,360x202,480x270,540x304,640x360,720x405,1080x607,1280x720&from=bu&cs=1280x0","Высотный вид на городской пейзаж: крыши домов в переднем плане, улицы и река на горизонте",задокументировать городской пейзаж,False,False
"https://sun9-58.userapi.com/s/v1/ig2/YJk8DRWfQlVe7PwhoN35NZX7Me4d4yasH93EFxQeGmYc1zbeHZokVMnFzYMMbfZldSzgF1RRej92FN9QaqVT0vTJ.jpg?quality=96&as=32x43,48x64,72x96,108x144,160x213,240x320,360x480,480x640,540x720,640x853,720x960,1080x1440,1218x1624&from=bu&cs=1218x0","Один человек стоит перед стеной с граффити; на нём oversized куртка черного и серого цвета, светло-голубые рваные джинсы и розовые кроссовки; человек смотрит вниз на телефон.",показать одежду,False,False
"https://sun9-33.userapi.com/s/v1/if2/rnhSJ1xngG1wBb7rVEiCjseYCuWM30kNK3-xUI88TCXkhg-pXqEjUn6Dek0vRV4fCPtWBD_NJif3sBM1BwQSYiwP.jpg?quality=95&as=32x24,48x36,72x54,108x81,160x120,240x180,360x270,480x360,540x405,640x480,720x540,1080x810,1280x960,1440x1080,1920x1440&from=bu&cs=1920x0","Ночная городская улица: приближающийся автомобиль с яркими бликами фар, мокрый асфальт и снег вдоль обочины",задокументировать городскую сцену,False,False
"https://sun9-9.userapi.com/s/v1/if2/fNpmorkcPIvRONZgouhBCj0T3MjP5LwsXgZFZs_w5EQ8IOAI-9Z3jE9pQFwvd_uuSoRx5kXn0e9gSozSOm-khMRF.jpg?quality=96&as=32x15,48x22,72x34,108x50,160x75,240x112,360x168,480x224,540x252,640x299,720x337,1080x505,1280x598,1440x673,1600x748&from=bu&cs=1600x0",Человек в каске на краю крыши над фасадом магазина с рольставнями; рядом крупное дерево,показать работу на крыше здания,False,False
"https://sun9-8.userapi.com/s/v1/ig2/1Pnnszs_h-yzAXVk7l1j-BlSn5Csr4xxJdY9AuDXAJuweztJsWKaR8Ww1XVG6-WktLJSVP6Jyrn0aIi7wHrOKZF6.jpg?quality=95&as=32x43,48x64,72x96,108x144,160x213,240x320,360x480,480x640,540x720,640x853,720x960,1080x1440,1200x1600&from=bu&cs=1200x0","Высокое здание с фасадом из шестиугольных стеклянных панелей, вход у нижнего этажа, над входом видна вывеска SOTA","показать здание с фасадом из шестиугольных стеклянных панелей, ракурс снизу вверх",False,False
"https://sun9-41.userapi.com/s/v1/ig1/BQVNE2u1nml0jy1bNcdV7vYNumpN9p7bfNfZXA-f-4A37hxeUWh5Mubc6D8_Beqy7vPrF8tt.jpg?quality=96&as=32x45,48x67,72x100,108x150,160x223,240x334,360x502,480x669,540x752,640x892,689x960&from=bu&cs=689x0","Фасад современного здания с шестигранной стеклянной облицовкой, отражающий небо и соседние здания.",показать фасад здания,False,False
"https://sun9-48.userapi.com/s/v1/if1/kVmN3Ivu2TEvntQly6ao6r_jTdPzZR5mGcE2NxNRCynJfflVc8i__7j5hjRUjahKrnQ4MHk6.jpg?quality=96&as=32x24,48x36,72x54,108x81,160x120,240x180,360x270,480x360,540x405,640x480,720x540,960x720&from=bu&cs=960x0","Стеклянное здание на улице с отражениями деревьев; у фасада стоит лестница-стремянка, рядом рабочий.",показать здание,False,False
"https://sun9-56.userapi.com/s/v1/if2/h9LBHKJ_WszmRV9rgMfIR-HL-zFjHarL2HDh-5FcQzHwJOCT5vJWLg5z01zgwFfk3cnl0RG4wcsqsmGT6L2vNke0.jpg?quality=96&as=32x15,48x22,72x34,108x50,160x75,240x112,360x168,480x224,540x252,640x299,720x337,1080x505,1280x598,1440x673,1600x748&from=bu&cs=1600x0",Грузовик-крано-установка на городской улице; слева видна часть здания и листья на деревьях над дорогой.,показать строительную технику,False,False
"https://sun9-53.userapi.com/s/v1/ig2/FBM0CYFPGwdXwyiUkIGnHXt72ojkWdDOhLcYXTETDh2-aKDLpBn4uMCkgteieGlWfc18Iq7QXj61yW1UUJvNJvce.jpg?quality=96&as=32x43,48x64,72x96,108x144,160x213,240x320,360x480,480x640,540x720,640x853,720x960,1080x1440,1218x1624&from=bu&cs=1218x0","Ночная витрина магазина одежды в стеклянном фасаде, видны манекены и выставленная одежда внутри",показать витрину магазина и товары,False,False
"https://sun9-76.userapi.com/s/v1/if2/o6Cj2wJsieQVe9gWWrwRslPyzzkdAobBZppG_Swxol1AIX--VGy8agSiEJkrbeRGmzz4Q0A4lJsHPo1vOAkVtNpp.jpg?quality=96&as=32x18,48x27,72x41,108x62,160x92,240x137,360x206,480x275,540x309,640x367,720x412,915x524&from=bu&cs=915x0","Уличное здание с фасадом и окнами; вдоль тротуара идёт человек, вокруг деревья.",показать здание на улице,False,False
"https://sun9-48.userapi.com/s/v1/ig2/vPbvHQnhoBrppxmcV4Q_2FrA1v49M-rtkvGSWvbpEZ3pUWRtPo8vgtPy-Bj5J02_c2ytRQSnx_sd2zhtorgm964X.jpg?quality=96&as=32x32,48x48,72x72,108x108,160x160,240x240,360x360,480x480,540x540,640x640,720x720,1080x1080,1280x1280,1440x1440,1920x1920&from=bu&cs=1920x0","Черный внедорожник на снежной улице, позади видны деревья и здания",показать автомобиль на зимней городской улице,False,False
"https://sun9-65.userapi.com/s/v1/if2/PhJEvTmg8rJkBJpYYaswWXl1i_Coc_tE4PcY1vMKLT71ExrkDWnwaGJfC638N8dtYgCmgLtkmLt_q5gsj9xD5MaB.jpg?quality=96&as=32x24,48x36,72x54,108x81,160x120,240x180,360x270,480x360,540x405,640x480,720x540,1080x809,1280x959,1440x1079,1920x1439&from=bu&cs=1920x0",Ночной фасад магазина с яркими неоновыми геометрическими рамами на стеклянном фасаде; видна витрина и внутреннее освещение.,показать неоновую архитектуру магазина в ночное время,False,False
"https://sun9-5.userapi.com/s/v1/ig2/vmNMUTu2dswCrewaqofVBZtiBHzmDjNrms_J0dNYZAhJoKbceY-Hs5HCtpZSYaCcisOjVNWl0rrUvIVt4EiSGlRI.jpg?quality=96&as=32x69,48x103,72x155,108x232,160x344,240x515,360x773,480x1031,540x1160,640x1374,720x1546,745x1600&from=bu&cs=745x0",Человек в каске в рабочей экипировке на стволе дерева выполняет обрезку веток на фоне жилого здания,показать работу на высоте по обрезке дерева,False,False
"https://sun9-25.userapi.com/s/v1/ig2/g1rO5kYl3SRAFqpB2ihcDRE5rhYQJ_7L4PgSEE-qjTIZiiUnyl_co03NJ8ZOFfrctgjFxE2Bkf3D1n73WzJ9o44G.jpg?quality=95&as=32x43,48x64,72x96,108x144,160x213,240x320,360x480,480x640,540x720,640x853,720x960,1080x1440,1200x1600&from=bu&cs=1200x0","Красное здание с большими окнами, частично закрыто зеленью дерева",показать здание,False,False
"https://sun9-84.userapi.com/s/v1/if2/sXDedQmmhE7nfNkpkbFb9g7xCu2uMuJTflbE27tVESrKIhBB75c31vgeZq1t0Qz9EauL7Xy-SmeNCOb0LqhTH8Td.jpg?quality=96&as=32x24,48x36,72x54,108x81,160x120,240x180,360x270,480x360,540x405,640x480,720x540,1080x810,1280x960,1440x1080,2560x1920&from=bu&cs=2560x0",Стена с граффити-муралом: музыкант с аккордеоном и второй человек; рядом висят садовые инструменты; частично видно здание и колесо велосипеда.,показать граффити на стене с музыкантом и инструментами,False,False
"https://sun9-73.userapi.com/s/v1/ig1/LXvPqQ2gAjg5L5ypr6-8f0Okg5TIfrYxfTg_S8XK9v7vnxuSFC4kmc6q7XAd8FzFznIZKw.jpg?quality=96&as=32x32,48x48,72x72,108x108,160x160,240x240,360x360,480x480,540x540,640x640,720x720,960x960&from=bu&cs=960x0",Стеклянный фасад здания с зелёной вывеской и большими цифрами; в переднем плане рука человека,показать витрину с номером телефона,False,False
"https://sun9-8.userapi.com/s/v1/ig2/d43QOxg9t-qUbZQzHjfnItk8BGm4bASDiDpuhuD3NTTG5O-CHawAsFf46V2HQwoaCIDoE7nh1KSELEtWvYo_xK_8.jpg?quality=95&as=32x43,48x64,72x96,108x144,160x213,240x320,360x480,480x640,540x721,640x854,720x961,1080x1441,1280x1708,1388x1852&from=bu&cs=1388x0","Группа людей на улице держит плакаты/таблички, участвуют в демонстрации.",задокументировать городскую сцену,False,False
"https://sun9-46.userapi.com/s/v1/ig2/Qs7EikQ_VQntNDkS0Qz61Y-LK7d2vb676CKtJZWpR8UjRAOJ9XQLn8DbFTwXGM64LZw3q7PAXu7amFhK4a4dFqJx.jpg?quality=95&as=32x43,48x64,72x96,108x144,160x213,240x320,360x480,480x640,540x720,640x853,720x960,1080x1440,1280x1707,1440x1920,1920x2560&from=bu&cs=1920x0",Группа девушек на улице возле башни из деревянных паллет; они взаимодействуют с конструкцией.,показать группу людей на улице,False,False
"https://sun9-55.userapi.com/s/v1/ig1/PTdQzp95qTB2HCnt5uqAbs52jUsvrS8jSsWLy5ZZU7IPxGRZ5JEfciTkTLAroAgBfYxedjuN.jpg?quality=96&as=32x43,48x64,72x96,108x144,160x214,240x320,360x481,480x641,540x721,640x855,719x960&from=bu&cs=719x0","Женщина держит букет красных роз на улице, перед рядом припаркованных автомобилей; кадр сосредоточен на лице и букете.",показать букет цветов,False,False
"https://sun9-63.userapi.com/s/v1/ig2/mtPqb9PBbnOimlxQveGfm-S_ko4SrzCap5MtFpj_zPiYRHSM2DajluFqlmJseyFahL23G0WVvuwFats04owdMrvf.jpg?quality=96&as=32x32,48x48,72x72,108x108,160x160,240x240,360x360,480x480,540x540,640x640,720x720,1080x1080,1280x1280,1440x1440,2160x2160&from=bu&cs=2160x0","Женщина в светлых брюках и белой блузке стоит на тротуаре перед современным стеклянным зданием, в кадре виден городской фон",показать человека на фоне городского здания,False,False
"https://sun9-85.userapi.com/s/v1/ig2/MkmQGXGZOB1IooUA1QYe8QIxIe-NmEw0IGclPIKlOUHhlERIuAgHxgJAwZxbuizOktKhmYbxtpXNG3coNv5sfTVz.jpg?quality=95&as=32x43,48x64,72x96,108x144,160x213,240x320,360x480,480x640,540x720,640x853,720x960,1080x1440,1266x1688&from=bu&cs=1266x0",Яркая желтая неоновая вывеска на улице; читается слово 'PLACE' на фоне стены с снегом,показать вывеску на улице,False,False
"https://sun9-3.userapi.com/s/v1/ig1/6LT4HGzYpHxKRlNEG_ZNXzYQaOg1hGXETt65LWFW47HWQ8ANiokCv9VAHjGypL8j22ojxlai.jpg?quality=96&as=32x32,48x48,72x72,108x108,160x160,240x240,360x360,480x480,540x540,640x640,720x720,960x960&from=bu&cs=960x0","Женщина позирует у кирпичной стены с граффити-пингвином; на переднем плане тротуар, рядом растительность",показать человека на фоне граффити,False,False
"https://sun9-25.userapi.com/s/v1/ig2/SjiJkIeQoAPQnY8gV2v_pnkRCkcEgZjCkEZSEq9X_P98lMCeIaMzGyZwAcbhTLkViiuADswNYQI1Dg3B2PpIwh9m.jpg?quality=96&as=32x43,48x64,72x96,108x144,160x213,240x320,360x480,480x640,540x720,640x853,720x960,1080x1440,1200x1600&from=bu&cs=1200x0",Мужчина в красной строительной каске и жёлтом жилете стоит на улице среди зелени; за его спиной видны дерево и здание с оградой.,сделать селфи,False,False
"https://sun9-28.userapi.com/s/v1/ig1/6Aw0Qxj5aFxoiS9pxv1ypENUYD_p6xcaWua2D-wFjkY97uQgw12HIPyQZEqNr6OOwzKPmnDF.jpg?quality=96&as=32x43,48x64,72x96,108x145,160x214,240x321,360x482,480x643,540x723,640x857,720x964,968x1296&from=bu&cs=968x0","Ребёнок в жёлтом венке из цветов стоит на улице, держится за ручку самоката; на заднем плане старое здание с окнами.","портрет ребёнка на улице, фронтальный ракурс, венок из цветов",False,False
"https://sun9-19.userapi.com/s/v1/ig2/28K62B-44rnMoa8jUNQCZd4PmCEictjLP1XeCQy9LfZMfGbFkW6JBpbZTJq61ZxZvy8Cze8zvQ1qag68aGJnvY3f.jpg?quality=96&as=32x43,48x64,72x96,108x144,160x213,240x320,360x480,480x640,540x720,640x853,720x960&from=bu&cs=720x0",Девушка с длинными волосами и повязкой на голове целует изображение лисы на уличной стене; граффити-мурал занимает большую часть кадра.,показать граффити и взаимодействие человека с ним,False,False
"https://sun9-60.userapi.com/s/v1/if2/7Rz2aSokvgVP4qEHJtRcrf__8uQjqtrNdWqEcsN-LNUVSHMkSk_r587EdtYqQlDOsxCQxF3rXxHn067AaoF_Be4E.jpg?quality=96&as=32x15,48x22,72x34,108x50,160x75,240x112,360x168,480x224,540x252,640x299,720x337,1080x505,1280x598,1440x673,1600x748&from=bu&cs=1600x0","Большой белый металлический контейнер на стройплощадке; слева виден грузовик, позади забор и кирпичное здание; справа стоят два рабочих в оранжевых жилетах и красных касках, вокруг — деревья.",задокументировать стройплощадку,False,False
"https://sun9-26.userapi.com/s/v1/ig2/oHpvmKb0aW6DYecuEEZi8miln1q7uyvrDRFHZrW7FEUK3f47gaHxESatl116AFVivzUpbB4EClWLPLln3ZZOruek.jpg?quality=96&as=32x43,48x64,72x96,108x144,160x213,240x320,360x480,480x640,540x720,640x853,720x960,1080x1440,1200x1600&from=bu&cs=1200x0","Мужчина в синей куртке и розовой футболке стоит перед стеклянным фасадом современного здания; на витрине отражается небо и деревья, видна вывеска King Kong.",показать портрет человека на фоне городского здания,False,False
"https://sun9-30.userapi.com/s/v1/if2/vUJdUCiKty--Caoe4I_XWKxDfRhLm1Yk0F1UMjwKq888x_cctJvb6gJPHKQE11ONsJCvjP7JmbfhN0RnycxblNwj.jpg?quality=95&as=32x24,48x36,72x54,108x81,160x120,240x180,360x270,480x360,540x405,640x480,720x540,1080x810,1280x960,1440x1080,1920x1440&from=bu&cs=1920x0","Группа молодых людей стоит на открытой площадке у здания, перед ними костёр/очаг с углями. Люди улыбаются и позируют на камеры.",показать группу людей на улице,False,False
"https://sun9-51.userapi.com/s/v1/ig2/-ALO3ZmpdeTr4yU5curXoIEjKxrw5cUqxG5N-LfgdHkiRUnvmgHCFxO6CiFE-JFnXBGNk-U6YeD3FHbFEU2-RPco.jpg?quality=95&as=32x43,48x64,72x96,108x144,160x213,240x320,360x480,480x640,540x720,640x853,720x960,1080x1440,1280x1707,1440x1920,1920x2560&from=bu&cs=1920x0","Стеклянное здание с гексагональными панелями фасада, отражающее небо и деревья. У входа видны люди, рядом стоят автомобили на улице.",показать современное стеклянное здание,False,False
"https://sun9-25.userapi.com/s/v1/if1/sv64HYGNG-ocej-RyzYkZvn5HBV07VpkrUWwOgWHQpLmB86giptPCUrFKh6UikWsEL21624R.jpg?quality=96&as=32x24,48x36,72x54,108x81,160x120,240x180,360x269,480x359,540x404,640x479,720x539,1080x808,1280x957,1440x1077,2560x1915&from=bu&cs=2560x0","Уличная городская сцена: тротуар у ряда многоэтажек слева и вывески кафе справа; на тротуаре куча щепы/листвы; по улице проезжают автомобили, люди идут.",задокументировать городскую сцену,False,False
"https://sun9-16.userapi.com/s/v1/ig1/PzYLAgz20fPA_J9hf4OWfYx94au4i9w-pXb0nd8h5Y0ba05agHRNxa6BDIbgdaNPUIV31mva.jpg?quality=96&as=32x43,48x64,72x96,108x144,160x214,240x320,360x481,480x641,540x721,640x855,719x960&from=bu&cs=719x0","Красное старое здание на улице зимой, ступени у входа, дверь и окна на фасаде, снег на тротуаре и вдоль дороги, фонарь слева, соседнее здание на фоне",показать старое здание,False,False
"https://sun9-15.userapi.com/s/v1/if2/VXai8K9mlIYkHCnljN0KcrxwIK_8FPK6ZOVxSfq3QIIZKjv5UqZwAyuZUWsrNdTraPT5Zhz89gD505CpeYb-RlQl.jpg?quality=96&as=32x15,48x22,72x34,108x50,160x75,240x112,360x168,480x224,540x252,640x299,720x337,1080x505,1280x598,1440x673,1600x748&from=bu&cs=1600x0","Улица с участком земли, обрезками деревьев и валежником; слева дорога и тротуар, на фоне небольшое здание и люди возле него",задокументировать городскую сцену,False,False
"https://sun9-84.userapi.com/s/v1/ig2/t0btzbtYSn2tW7jwSl1mnxndd1xax4Ss5YdSAoVtE_43IMUDnwkSE0DQsk6olNkKatxLktXedjT-9cTl0aMGyMBx.jpg?quality=95&as=32x43,48x64,72x96,108x144,160x213,240x320,360x480,480x640,540x720,640x853,720x960,1080x1440,1280x1707,1440x1920,1920x2560&from=bu&cs=1920x0",Белый микроавтобус на тротуаре возле городского здания; на заднем плане видны высотные здания.,показать городской транспорт на улице,False,False
"https://sun9-52.userapi.com/s/v1/ig1/9Zj9Xzjoojo2ecKm7l30bft6UVxcH3MAcq8w4ObxA6b9dpRWITAuGFCP3j3OmHVdpy16_pI2.jpg?quality=96&as=32x43,48x64,72x96,108x145,160x214,240x321,360x482,480x643,540x723,640x857,720x964,968x1296&from=bu&cs=968x0","Женщина в красном рядом с двумя девочками в клетчатых платьях и венках из цветов на улице, возле стены здания и зелёных растений",сделать групповое фото,False,False
"https://sun9-88.userapi.com/s/v1/if2/nLDbun6CagXwpRMR63o6gqOMJUrY-CwiJhFSzRD9NYu_DKpaL6QqeCvmD32gCMmRTWgOV-BAGscZ52Udtpg8ijUA.jpg?quality=96&as=32x24,48x36,72x54,108x81,160x120,240x180,360x270,480x360,540x405,640x480,720x540,960x720&from=bu&cs=960x0",Стеклянное здание на улице; отражения деревьев и соседних строений в стекле; у фасада лестница и человек,показать фасад стеклянного здания,False,False
"https://sun9-77.userapi.com/s/v1/ig1/2gIixP0xHIRmf0mRBQY25UrpsMFy1F68L5mGE9UU0DURSAT51g9muTsq50EdrUb4mHG_elue.jpg?quality=96&as=32x43,48x64,72x96,108x144,160x213,240x320,360x480,480x640,540x720,640x853,720x960&from=bu&cs=720x0","Маленькая девочка в розово-голубом спортивном костюме стоит на траве у дороги, улыбается и держит мороженое; на заднем плане видна машина, дорога и деревья.",показать ребенка на прогулке,False,False
"https://sun9-13.userapi.com/s/v1/ig2/lsoasJ2aJDXGScxEY6Tpcr1hzOBihVQilZV7KUxSRksHFQmuFn24Aba5_HlBUNvrLbLDvM-3NQLb8d3FaBJGW4lq.jpg?quality=95&as=32x48,48x72,72x108,108x162,160x240,240x360,360x540,480x720,540x810,640x960,720x1080,1080x1620,1280x1920,1440x2160,1707x2560&from=bu&cs=1707x0","Женщина в синем джинсовом сарафане поверх белой футболки позирует у ограждения на улице; за ней стеклянное здание с отражениями деревьев, пейзаж из плитки и горшков с растениями",показать одежду,False,False
"https://sun9-55.userapi.com/s/v1/if2/YVIS1KRAjg1EAilbJ5sVv0i8NIiu7vugkTs-z0HxIRxcLxu07--VWhpnTDZee8PJAKZ4rOS0lKvriAVRFtjL_ZQb.jpg?quality=95&as=32x21,48x32,72x48,108x71,160x106,240x159,360x238,480x318,540x357,640x423,720x476,1080x715,1200x794&from=bu&cs=1200x0","Стеклянное здание на углу улицы с отражениями неба и окружающих зданий; рядом тротуар, дорога, автомобили и деревья",показать здание,False,False
"https://sun9-12.userapi.com/s/v1/ig2/fHNHtbkAdTysW5FCpwHhb81OTEvHfSBBW5dI_amXbYDzrAagA-Q0-szTT8aZEwhOA9pLgTTYSDT3XUngqNdSo__Q.jpg?quality=95&as=32x41,48x61,72x92,108x138,160x205,240x307,360x461,480x615,540x692,640x820,720x923,1080x1384,1280x1640,1440x1845,1998x2560&from=bu&cs=1998x0","Яркие надувные трубки на улице, рядом группа людей, на заднем плане здания и палатка/навес.",показать детские развлечения на улице,False,False
"https://sun9-50.userapi.com/s/v1/ig2/LmnSrUP0QAbSxCO8F81a0EXyDtqH4JgA-jsfjEmLlYc9BUrUTzZA0l5DyXSuKvhbJwERVIgI0n79I4u5Jibeik4-.jpg?quality=96&as=32x32,48x48,72x72,108x108,160x160,240x240,360x360,480x480,540x540,640x640,720x720,1080x1080,1280x1280,1440x1440,1607x1607&from=bu&cs=1607x0","Синий автомобиль на заснеженной улице; рядом стоят другие машины, на фоне — многоквартирное здание",показать автомобиль на городской улице в зимних условиях,False,False
"https://sun9-25.userapi.com/s/v1/ig2/OsY62XBlWp3S_n_PjZH0EdR90frnwT0S7_kUNpFMWnnHRtQ0H5KPd5VUltWN69opJth2nYhzwlhRnoWphOls95Ht.jpg?quality=96&as=32x68,48x103,72x154,108x231,160x342,240x513,360x770,480x1027,540x1155,640x1369,720x1540,748x1600&from=bu&cs=748x0","Дерево во дворе перед фасадом жилого дома; человек в кепке наклоняется к земле и работает возле ящика с инструментами, на заднем плане — граффити-панель и забор.","показать человека, занимающегося работой на улице",False,False
"https://sun9-74.userapi.com/s/v1/ig1/lo6Q2ifSzU4Qq0O074dyOOrZV3yKPWI0W7GnxcYSLmnpkvNEzU3ao1QUebNflXD5BZhYhdAq.jpg?quality=96&as=32x43,48x64,72x96,108x144,160x214,240x320,360x481,480x641,540x721,640x855,719x960&from=bu&cs=719x0","Женщина с длинными светлыми волосами держит красный букет на улице, позируя на кирпичной дорожке; рядом припаркованные автомобили, фон — жилой квартал.",показать портрет на улице с букетом,False,False
"https://sun9-49.userapi.com/s/v1/ig1/31vhr1ea7y0b9FGuEU-rT7HM80phgJ8usxhxAGVVqBjTjEH8sB3J-ziyZLnt8DckIQjepDFI.jpg?quality=96&as=32x43,48x64,72x96,108x145,160x214,240x321,360x482,480x643,540x723,640x857,720x964,968x1296&from=bu&cs=968x0","Три человека на улице: две маленькие девочки в одинаковых клетчатых платьях с венками из цветов стоят рядом, взрослый человек в красном верхе и длинной юбке с цветочным принтом приседает рядом, улыбаются. Фон — бетонная стена с дверью и кусты слева.",позирование для группового портрета на улице,False,False
"https://sun9-3.userapi.com/s/v1/ig2/0mI5qjopLTc7cxDlettTzUNmyWlAHSu8iht_AZrDtApUE533stDOE-iAdxGw9UoZKotOme0Quf7BnZyiL-v6_rXk.jpg?quality=95&as=32x43,48x64,72x96,108x144,160x213,240x320,360x480,480x640,540x720,640x853,720x960,1080x1440,1200x1600&from=bu&cs=1200x0","Потёртый розово-красный фасад старого здания по улице, вход через арку и дверь с ступенями перед ним; слева дерево, справа припаркованный автомобиль",показать фасад старого здания,False,False
"https://sun9-23.userapi.com/s/v1/ig1/rjb3UIaw2zKLx8ZN7Z1SpoFk7MEEOiuKrNLPvTQ-GR1l-46bJ-6b_gjV1zPPaKfYJsxRXiJV.jpg?quality=96&as=32x32,48x48,72x72,108x108,160x160,240x240,360x360,480x480,540x540,640x640,720x720,770x770&from=bu&cs=770x0",Женщина стоит на заснеженной улице на фоне церкви с золотым куполом; рядом деревья и дома,показать человека на фоне зимнего городского пейзажа,False,False
"https://sun9-31.userapi.com/s/v1/ig1/zH1hpa8R2usqBPacZGNFOONveSiL7058YjJ434ZwQq3sIksZH-ZkeGToGVm96xLaFw3E-UCY.jpg?quality=96&as=32x42,48x63,72x94,108x141,160x209,240x313,360x470,480x627,540x705,640x836,720x940,784x1024&from=bu&cs=784x0","Человек стоит на краю крыши вдоль ограждения, на фоне ярко-синего неба","показать человека на краю крыши, ракурс снизу вдоль перил",False,False
"https://sun9-73.userapi.com/s/v1/ig1/HzGgXrzIKhJQa4AqInY28iu7kqiAQoJUiXizHKn1oz2PM8KwcJow0pc7akpnUkCXT3csN2G7.jpg?quality=96&as=32x40,48x60,72x90,108x135,160x200,240x300,360x450,480x600,540x675,640x800,720x900,768x960&from=bu&cs=768x0","Женщина в белой блузке и длинной черной юбке позирует на пешеходной дорожке под деревьями; она в розовых туфлях на каблуках, вокруг асфальт, тротуар и транспорт на заднем плане.",показать одежду,False,False
"https://sun9-55.userapi.com/s/v1/ig2/cD9Urlqfr8YfkPIJHTY3ZT8TJvOf_720aFjvscqHnynZK2_2bJdH3MTlmlRWS5kATSzkN9x5gGhfG4WQE9vD_etQ.jpg?quality=95&as=32x43,48x64,72x96,108x144,160x213,240x320,360x480,480x640,540x721,640x854,720x961,1080x1441,1280x1708,1388x1852&from=bu&cs=1388x0","Две молодые люди стоят на улице у стены здания; один в красной куртке, другой в темной толстовке, они обмениваются чем-то на руки; на заднем плане кирпичная стена с окном, на переднем плане оранжевая сумка/контейнер",зафиксировать момент взаимодействия между двумя людьми,False,False
"https://sun9-21.userapi.com/s/v1/if2/sQuAK6TAJka083V0RFP1QWYeN4c8dykRLnP90Ym_UeRiCvdFRlsWcXHSizRH8WDiPbR58wiEC7juvUwzr-ciGIf9.jpg?quality=95&as=32x24,48x36,72x54,108x81,160x120,240x180,360x270,480x360,540x405,640x480,720x540,1080x810,1280x960,1440x1080,1920x1440&from=bu&cs=1920x0","Группа людей стоит на улице перед фасадом здания, все позируют для общего снимка",сделать групповое фото,False,False
"https://sun9-34.userapi.com/s/v1/ig2/z5_5B8koj1m8u0oAvwLazTND9K08iwVDoS4XdNbl50slNHXz7WW_iEASKG9RlOl1MRgMfZYmgO2HBHgRN9wplJLZ.jpg?quality=96&as=32x43,48x64,72x96,108x144,160x213,240x320,360x480,480x640,540x720,640x853,720x960,1080x1440,1280x1707,1440x1920,1536x2048&from=bu&cs=1536x0","Стеклянное фасадное здание с шестигранной плиткой, отражающее небо; на переднем плане слева стоит молодой человек.",показать стеклянное здание,False,False
"https://sun9-79.userapi.com/s/v1/if1/zx7oqkjHV9Qqku-MwdZEQJPsC8_ZMcM1k3PNEehjiCl_Bg1FBc1eUGbx0Zb1BrOPxewnNg.jpg?quality=96&as=32x24,48x36,72x54,108x81,160x120,240x180,360x270,480x360,540x405,640x480,720x540,1080x810,1280x960,1440x1080,2560x1920&from=bu&cs=2560x0","Здание с фасадом из чёрного стекла и надписью SOTA; на переднем плане красный и серый автомобили на улице, позади — деревья.",показать здание и фасад,False,False
"https://sun9-77.userapi.com/s/v1/ig2/Pn258CSkmfEhavUayZEVsYIX_M-6B2FzhZQy276wX0AGrO4phU2qqtyhD-gBPAvhOT2EmUBfK4HJkrmrtCpDBYnG.jpg?quality=96&as=32x43,48x64,72x96,108x144,160x213,240x320,360x480,480x640,540x720,640x853,720x960,1000x1333&from=bu&cs=1000x0","Фасад здания с белой стеной и синей горизонтальной полосой надписи, слева дверной вход; на стене тень дерева, небо над крышей",показать фасад здания и вывеску,False,False
"https://sun9-44.userapi.com/s/v1/if1/hJ75ReV9sEfdtMrE16bNoCJ0qrpw3HgqZoUNNzqbnKc8twX5PtbUujAL80KDqKybsgNatcsv.jpg?quality=96&as=32x24,48x36,72x54,108x81,160x120,240x180,360x270,480x360,540x405,640x480,720x540,960x720&from=bu&cs=960x0","Улица зимой: передний план — черный автомобиль, позади — синий рекламный грузовик с логотипами банка; на снегу стоят люди, справа видна стеклянная фасадная стена здания.",задокументировать городскую сцену,False,False
"https://sun9-87.userapi.com/s/v1/ig2/hHbOMr5bk_RsYorWXX7nf8Cz_EPzC0KitqKHpZwjv7doD1Wp0zaqLHfa--lf6jFr4wO3xYmamQvAohJZ2mNDUH0H.jpg?quality=95&as=32x43,48x64,72x96,108x144,160x213,240x320,360x480,480x640,540x721,640x854,720x961,1080x1441,1280x1708,1388x1852&from=bu&cs=1388x0","Группа людей держит плакаты на улице, позируют перед зданиями и деревьями.",задокументировать городскую scenу,False,False
"https://sun9-44.userapi.com/s/v1/if2/4GFGU7Y_ZIngKOQzh69vq5hCNbDXcOjfrZ5rTs5Z5YIuoSWCx4iqPYwZgqEH-hBXcmluumfI4g_23mmbEM8-smja.jpg?quality=96&as=32x24,48x36,72x54,108x81,160x120,240x180,360x270,480x360,540x405,640x480,720x540,1080x810,1280x960,1440x1080,1600x1200&from=bu&cs=1600x0","Уличная граффити-панель на снегу в городе; на панели изображены две фигуры сидящих людей, фон — жилые дома",показать уличное граффити,False,False
"https://sun9-19.userapi.com/s/v1/if1/e3dGRO-dKnD0KCGYspxg1EbtCxXVwhL87SK7mTuWGiieFqVNXBNxWgnE_ZBp4Vs0h0Ze2Xd-.jpg?quality=96&as=32x24,48x36,72x54,108x81,160x120,240x180,360x270,480x360,540x405,640x480,720x540,1080x810,1280x960,1440x1080,2560x1920&from=bu&cs=2560x0",детская игровая площадка на улице с ярко окрашенной конструкцией; человек на платформе держит разноцветные воздушные шары,показать детскую игровую площадку,False,False
"https://sun9-32.userapi.com/s/v1/ig2/K-Ecm0-z3p28PhqARHzSDRf81WKo1t2-GwpSaz3OGuYVz7ajv9vb3tcZmh3Kp6vG9uLyRrX69Xj99inkyddcTkBp.jpg?quality=95&as=32x43,48x64,72x96,108x144,160x213,240x320,360x480,480x640,540x720,640x853,720x960,1080x1440,1200x1600&from=bu&cs=1200x0","Фасад старого красного здания с арочным входом и деревянной дверью; окна по бокам, декоративные детали над входом; сверху свисает зелень.",показать фасад здания,False,False
"https://sun9-81.userapi.com/s/v1/if2/sA7FMdcDUhquxW1fJJWq3ehjmeN547L02SaM3-SR1EitS7js6vV0OP--Cr17kvb6ieaTzM6tf-Yu-MMsxQi1ml_3.jpg?quality=95&as=32x24,48x36,72x54,108x81,160x120,240x180,360x270,480x360,540x405,640x480,720x540,1080x810,1280x960,1440x1080,1600x1200&from=bu&cs=1600x0","Жёлтое здание вдоль улицы с рядами деревьев, вдоль фасада стоят припаркованные автомобили",показать здание,False,False
"https://sun9-16.userapi.com/s/v1/ig1/jj2RrXYxAMpM8skzvafuIxE04AuAyRL-o09m4iTTdK4BiQXa5GwlTeoBP2SObPnkEpJrqBW9.jpg?quality=96&as=32x32,48x48,72x72,108x108,160x161,240x241,360x361,480x482,540x542,640x642,720x723,1080x1084,1280x1285,1440x1445,1925x1932&from=bu&cs=1925x0","Группа людей на улице: две женщины в переднем плане улыбаются, мужчина на заднем плане, все вместе возле стеклянного фасада здания.",сделать grupovoe selfie,False,False
