image_url,annotation_text_description,annotation_user_intent,annotation_has_feor
"https://sun9-56.userapi.com/s/v1/ig2/mYXqG_rdMUobLxSX5z1_SZC7lso8edcwUw3vW4qUmUb79pTLBQlOrPr_oOYasTajBVCOA-v-g5u7hbY3W6B3oMzr.jpg?quality=96&as=32x43,48x64,72x96,108x144,160x214,240x320,360x481,480x641,540x721,640x855,720x961,1080x1442,1280x1709,1342x1792&from=bu&cs=1342x0","Две девушки за столом в помещении занимаются живописью; перед ними яркие холсты и палитры с красками, кисти; на столе чашки, тарелка с закусками; в углу гитара; окно и радиатор на фоне.",показать процесс рисования двумя девушками за столом,False
"https://sun9-25.userapi.com/s/v1/if1/c51oGCcNukuPfvV8xB9GUO2Ioh2XFg4iwAJ9iERZCSrDIA1QG31LrZ53wso0QDUS-VnZmAyr.jpg?quality=96&as=32x24,48x36,72x54,108x81,160x120,240x180,360x270,480x360,540x405,640x480,720x540,1080x810,1280x960,1440x1080,2560x1920&from=bu&cs=2560x0","Группа людей сидит за столами в помещении класса; на стене яркая вывеска SMART, окна с цветными занавесками. Люди делают заметки и обсуждают материал.",задокументировать учебную сцену,False
"https://sun9-48.userapi.com/s/v1/ig2/MJm9hW60j4XJv5z0fyiCz_um9PFt8kEU359Ouo9HQdt8gvkIHCsHuTGa3tJcqSnLj1wGaXLWD1EqsrD6TbN6BO06.jpg?quality=96&as=32x43,48x64,72x96,108x144,160x213,240x320,360x480,480x640,540x721,640x854,720x961,1080x1441,1280x1708,1388x1852&from=bu&cs=1388x0","Сервировка стола: свечи на круглой золотистой подставке, блюда и бокалы на темном столе, передний план — тарелка с салатом, зелень в центре композиции",показать сервировку стола и еду,False
"https://sun9-2.userapi.com/s/v1/if2/fpnm3D5JKkG_5yAPDgf_hxE3uEvkjV-X4X9Tvf6PxGoQhbGz6pM9t2G6C-SFNsIPUF-6JUZq4Pi_OY2jHoOFRdU2.jpg?quality=95&as=32x24,48x36,72x54,108x81,160x120,240x180,360x270,480x360,540x405,640x480,720x540,1080x810,1280x960,1440x1080,1920x1440&from=bu&cs=1920x0","Группа людей на открытой площадке перед зданием; все улыбаются и поднимают руки, создавая радостную композицию. Перед ними на земле расположено круглое кострище с пеплом.",провести групповую фотосессию на улице,False
"https://sun9-52.userapi.com/s/v1/ig2/leCcCHwGEfV_IaXiTIymTrygpIWzqrPpqslk6VyQX-y5JOOiLTIqmOSzMVCUNLhmwa6VtCWoMW9w2Gw2zxbhxQtN.jpg?quality=96&as=32x43,48x64,72x96,108x144,160x213,240x320,360x480,480x640,540x721,640x854,720x961,1080x1441,1280x1708,1388x1852&from=bu&cs=1388x0","Группа девушек вокруг стола в помещении; на столе разложены карточки, возможно игра или занятие; ярко-окрашенные стены желто-оранжевого цвета на заднем плане.",показать группу людей за столом во время карточной активности,False
"https://sun9-88.userapi.com/s/v1/ig2/JSc36_KxJlKVAd3greVcqTfrkeQS-yAUn0kA3S4DMi0tIOtqY72hQSggVXXfP16cV2QZI3eQa_-_6aE9fWUQRcsR.jpg?quality=95&as=32x43,48x64,72x96,108x144,160x213,240x320,360x480,480x640,540x721,640x854,720x961,1080x1441,1280x1708,1388x1852&from=bu&cs=1388x0","Три женщины стоят на улице, позируют перед камерой; на заднем плане видны здания и улица.",позирование группы на улице,False
"https://sun9-21.userapi.com/s/v1/ig1/XmlBorLxoDHv2DyvFr9BbIz4GenckapIKg6YHnKZR3iMUZxlycuBizSth0GNlW6K5HdptrJ2.jpg?quality=96&as=32x43,48x64,72x96,108x144,160x213,240x320,360x480,480x640,540x720,640x853,720x960,1080x1440,1280x1707,1440x1920,1620x2160&from=bu&cs=1620x0","Письменный диплом на градиентном фоне: верх голубой, низ розовый, тексты и логотипы, подпись",показать диплом победителя,False
"https://sun9-52.userapi.com/s/v1/if1/4PLgT12MDpjlwKARA8th9pNzjZ8pyKXCxdZ6PRAnFfapIcKq-a6VKcFCLNfV1yrmQL5q1Q.jpg?quality=96&as=32x24,48x36,72x54,108x81,160x120,240x180,360x270,480x360,540x405,640x480,720x540,1080x810,1280x960,1440x1080,2560x1920&from=bu&cs=2560x0","Задняя часть автомобиля на снегу ночью, припаркован на городской улице",показать автомобиль на парковке ночью,False
"https://sun9-65.userapi.com/s/v1/ig2/f4Oj5ulerXsKqoYVrN5KcygCHnKIyPgT_H7wgeheXH5nKMzLt5Y-EqUMJ3r-9oWYCP5Any7mA0v5XTYBNaz-wVxS.jpg?quality=96&as=32x43,48x64,72x96,108x144,160x213,240x320,360x480,480x640,540x721,640x854,720x961,1080x1441,1280x1708,1388x1852&from=bu&cs=1388x0","Девочка в школьной форме возле стола с блюдами; интерьер комнаты, сервировка стола",показать сервировку стола на школьном мероприятии,False
"https://sun9-49.userapi.com/s/v1/ig2/D6LNmIUU8yMLBZwssgZyPn5ccS6luIzeebA4lD69P7v6QMDJKd-dnoPLYSdZz6Z4pLFZNvSZ9koWeF4GxJUsRu_c.jpg?quality=95&as=32x43,48x64,72x96,108x144,160x213,240x320,360x480,480x640,540x721,640x854,720x961,1080x1441,1280x1708,1388x1852&from=bu&cs=1388x0","Два мужчины в помещении: один держит голову другого, как будто выполняется стрижка или укладка. На столе лежат телефон и открытая желтая книга; в фоне зеркало и ярко-жёлтая стена.",показать процесс стрижки волос,False
"https://sun9-23.userapi.com/s/v1/if1/WRfm72MTdsaCXa3h1__i3JTXbSgcelYhF8QgcyEb5xS5mUt7wrmgKt8mejPRqVURBEeQ-mKi.jpg?quality=96&as=32x24,48x36,72x54,108x81,160x119,240x179,360x269,480x359,540x403,640x478,720x538,1080x807,1280x956,1296x968&from=bu&cs=1296x0","Две девочки сидят в школьном классе за партами и заняты рисованием/записью на бумаге; передний план — одна в полосатой футболке, другая в зелёном худи.",показать двух детей за занятием рисованием в классе,False
"https://sun9-64.userapi.com/s/v1/if2/J_j_1mMHqwU5IAb1yjglrMmt-8TcQuc-QS1IxTYnsUEn8PNalqI7EQaKxiyVY7APcm4J81iu4hm2zYWuNBPA_V2Q.jpg?quality=95&as=32x26,48x39,72x59,108x89,160x132,240x197,360x296,480x395,540x444,640x526,720x592,1080x888,1280x1053,1440x1185,2560x2106&from=bu&cs=2560x0","Группа людей на улице возле забора и стены; слева человек держит фотоаппарат, справа кто-то снимает на телефон; почва и деревья вокруг",сделать grupovую фотографию на улице,False
"https://sun9-65.userapi.com/s/v1/if2/a1ABEeZVVJTZGWGMXcmndK6m1stg0BHcSGAF2opAjzOvJIh59vm64FzVsdnxK73a-rra_y_gCHyMWaHaXpNVHfwa.jpg?quality=96&as=32x24,48x36,72x54,108x81,160x120,240x180,360x270,480x360,540x405,640x480,720x540,1080x810,1280x960,1440x1080,2560x1920&from=bu&cs=2560x0",Две девочки стоят рядом у выставочного стенда с фотографиями и коллажами на стене внутри помещения; слева видна растительность; перед ними круглый стол в белой скатерти с предметами.,показать двух детей возле экспозиции с фотографиями внутри помещения,False
"https://sun9-4.userapi.com/s/v1/if1/o9Ykn76PeoogB3vC5iIjtC4CW7vrL8RQLJG4wegrDJBX4am6Cm2JTxGmBszDKZVkWP3MLCYv.jpg?quality=96&as=32x24,48x36,72x54,108x81,160x120,240x180,360x270,480x360,540x405,640x480,720x540,1080x810,1280x960,1440x1080,2560x1920&from=bu&cs=2560x0","Интерьер классной комнаты: круглые белые столы и разноцветные стулья, яркие стены с полосами и надписью SMARTJ, радиатор вдоль стены",показать интерьер класса,False
"https://sun9-61.userapi.com/s/v1/ig2/9zzvIMRn6ogzlDlhrNf9zH0Aw-vEIugP4Y6neDcj1zujEhKpEQsQ7MHGDugJWPwiRrBTxblc90J_dJrU7lB9tiVq.jpg?quality=95&as=32x43,48x64,72x96,108x144,160x213,240x320,360x480,480x640,540x721,640x854,720x961,1080x1441,1280x1708,1388x1852&from=bu&cs=1388x0","Два мальчика за столом готовят суши: один стоит и обрабатывает ингредиенты на разделочной доске, рядом миски с рисом и овощами, на тарелке лежат готовые роллы",показать процесс приготовления суши,False
"https://sun9-77.userapi.com/s/v1/if1/agh2XPAYaUjGhBbxa7JbHQrDvsSN2H4Bvy6EZMmzwfMEYcVznG2JqqSnFD1T2vU6yCMivdkR.jpg?quality=96&as=32x24,48x36,72x54,108x81,160x119,240x179,360x269,480x359,540x403,640x478,720x538,1080x807,1280x956,1296x968&from=bu&cs=1296x0","Группа детей за столом в помещении, занятые созданием цветных бумажных поделок; на столе тетради и пластиковый лоток с бумажными цветами, на заднем плане видны другие дети.",показать детей за творческим занятием в классе,False
"https://sun9-54.userapi.com/s/v1/ig2/ELVZ5IUbx0DJRSeG4m53B4DQwhGf_LGphvUX_6T_OQUYSnm9YbMvGP5gFIkLxR21Q_9g0aZ_pIz0n7XZMvY1DiIB.jpg?quality=96&as=32x43,48x64,72x96,108x144,160x214,240x320,360x481,480x641,540x721,640x855,720x961,1080x1442,1280x1709,1342x1792&from=bu&cs=1342x0","Женщина в медицинской маске и пластиковом фартуке режет лук на зеленой разделочной доске; справа лежат овощи и кухонный инвентарь: красный перец, терка, миска с натертой морковью, нож на доске. В фоне столы и стулья в помещении.",показать процесс приготовления пищи,False
"https://sun9-57.userapi.com/s/v1/ig2/Cxy_el7XhQX50MBvSdrPZ4RKyn0JkMvMsdUD1BClKMmVyF5AE7TOCBX4kVqeXUXsGEQSX64__o4Uuacgs2c_VCYE.jpg?quality=96&as=32x43,48x64,72x96,108x144,160x213,240x320,360x480,480x640,540x721,640x854,720x961,1080x1441,1280x1708,1388x1852&from=bu&cs=1388x0","Женщина стоит в помещении за длинным столом, накрытым зелёной тканью, на котором расставлены тарелки с едой; она улыбается и показывает жест peace",показать человека на фоне сервировки стола,False
"https://sun9-32.userapi.com/s/v1/ig1/aVbh-Kj0UWaLhEtA3kuGK-au0r2YORae-toQXLVkcFClgzDBGcdUX62YWheowyapx3gdRTD6.jpg?quality=96&as=32x43,48x64,72x96,108x144,160x213,240x320,360x480,480x640,540x720,640x853,720x960,1080x1440,1280x1707,1440x1920,1620x2160&from=bu&cs=1620x0",Бюст статуи на пьедестале у окна; на переднем плане улыбчивый мужчина с бородой.,показать бюст в интерьере; кадр с человеком рядом,False
"https://sun9-64.userapi.com/s/v1/if2/RW71c5gDB3uu7GwI4pxwyL9lW8i57PeUou05e3C7pkeiBSFuvn310lJhfoMQY08ioiWBAvI5pNSO-AqHCA99nJhh.jpg?quality=96&as=32x24,48x36,72x54,108x81,160x120,240x180,360x270,480x360,540x405,640x480,720x540,1080x810,1280x960,1440x1080,2560x1920&from=bu&cs=2560x0","Группа детей стоит вокруг круглого стола в помещении; на стене висят плакаты и декоративные элементы, пол деревянный, атмосфера учебного или кружкового занятия.",показать группу детей на мероприятии,False
"https://sun9-11.userapi.com/s/v1/ig2/oWbtUUlghBc3Mf_0vW4OZoB13GECi8JKCjyvjxJIbUvLrbvMn0RRh84ZJChNA3lAn4HUj-EyRgiXKLPpBkRL0RJU.jpg?quality=96&as=32x43,48x64,72x96,108x144,160x213,240x320,360x480,480x640,540x721,640x854,720x961,1080x1441,1280x1708,1388x1852&from=bu&cs=1388x0","Мальчик в синей футболке стоит в помещении; взрослый мужчина держит его руку, на предплечье мальчика виден ряд кольцевых элементов/брекетов.",показать процесс осмотра/реабилитации руки,False
"https://sun9-15.userapi.com/s/v1/ig2/q6SwMte__WUE57VM3HdKlX4i9JjnHKYhRscfKpKh5trggwiMRU7OhDjP4NlChM0mxdZNMCdQp8ba5ruCtTXJ33eA.jpg?quality=96&as=32x43,48x64,72x96,108x144,160x213,240x320,360x480,480x640,540x721,640x854,720x961,1080x1441,1280x1708,1388x1852&from=bu&cs=1388x0","Блюдо из жареных кусочков на белой тарелке, украшенной зеленью, на столе с бокалами, свечами и салфетками",показать еду,False
"https://sun9-72.userapi.com/s/v1/ig2/WieoAaGP-8XaYeFY1FgbNbSLniVDVLKMt7M_momU6RsQE5m398dv4FJq2Xa72OsLkP8R5tKFoHKd1KmKMNe9Xti-.jpg?quality=96&as=32x43,48x64,72x96,108x144,160x213,240x320,360x480,480x640,540x721,640x854,720x961,1080x1441,1280x1708,1388x1852&from=bu&cs=1388x0",Три девушки в помещении у жёлтой стене держат горшки с жёлтыми цветами,показать трёх девушек с цветами на фоне жёлтой стены,False
"https://sun9-54.userapi.com/s/v1/ig1/_F5nvPvqHq8LyIp6jDZXNe6rULCeGHXhk61z4xkItdBTkpolcek9EgQx3BN-AY5uV5bYvA1u.jpg?quality=96&as=32x43,48x64,72x96,108x144,160x213,240x320,360x480,480x640,540x720,640x853,720x960,1080x1440,1280x1707,1440x1920,1620x2160&from=bu&cs=1620x0",Три человека стоят в помещении перед декоративной фотостенд-рамкой: взрослый мужчина в полосатом свитере между двумя девочками в костюмах.,сделать групповое фото,False
"https://sun9-57.userapi.com/s/v1/ig1/sw7aQ065adBOIphOF8ToIf1-4m9ze-R7DrKExqTxVKGE7FjP8MKSxIePu--dHUrG8mm6iUBZ.jpg?quality=96&as=32x43,48x64,72x96,108x144,160x213,240x320,360x480,480x640,540x720,640x853,720x960,1080x1440,1280x1707,1440x1920,1620x2160&from=bu&cs=1620x0","Три человека: взрослый мужчина между двумя детьми в помещении, на фоне детское оформление и надпись 'Happy'",показать группу людей на мероприятии,False
"https://sun9-56.userapi.com/s/v1/ig2/GPuRj_zuaBYVzaWWLrlPccsTpZZjths_XSCTzMWTGNVk7dtU53OhXjC2OMxFLLsRv55PKAnFgAozR3P2Bcs9zHCO.jpg?quality=96&as=32x43,48x64,72x96,108x144,160x213,240x320,360x480,480x640,540x721,640x854,720x961,1080x1441,1280x1708,1388x1852&from=bu&cs=1388x0","Группа людей сидит за длинным столом в помещении, на столе фрукты, напитки и посуда; видны окна с занавесками на фоне.",задокументировать групповую встречу за столом,False
"https://sun9-80.userapi.com/s/v1/ig2/hFiB3OpgCauKmFH3SVzZvluix03cvwfmgufD8_iHOEKky1u5-4ZBPWwUmqk_KWEYe1cYCx53Jw2FdkfLbL2_5uTq.jpg?quality=95&as=32x43,48x64,72x96,108x144,160x213,240x320,360x480,480x640,540x721,640x854,720x961,1080x1441,1280x1708,1388x1852&from=bu&cs=1388x0",Руки человека ведут процесс рисования и раскрашивания на бумаге с панелями комикса на деревянном столе; вокруг лежат цветные карандаши и ручки.,показать процесс рисования и раскрашивания на столе,False
"https://sun9-33.userapi.com/s/v1/if1/uIOoljg4oqonRFVQpvntMwSBzUkmAe8_TWTMfI5NnzRUEjQSb_qXQxEtUejEtiQ0IAE-WQ.jpg?quality=96&as=32x24,48x36,72x54,108x81,160x120,240x180,360x270,480x360,540x405,640x480,720x540,960x720&from=bu&cs=960x0","Сцена с людьми на сцене под синим светом; зрители на переднем плане, экран и прожекторы на фоне",показать концерт/выступление на сцене,False
"https://sun9-70.userapi.com/s/v1/ig2/6pQ5NnIzh9CcnkiM3uVsdyypQgPTL6LLy-gA2Wv_8K2eMfly8kxWgYfJqZLSwtgRmj-9yh8ecyNlvOH74bNx1L5A.jpg?quality=95&as=32x43,48x64,72x96,108x144,160x213,240x320,360x480,480x640,540x721,640x854,720x961,1080x1441,1280x1708,1388x1852&from=bu&cs=1388x0","Пожар из деревянных поддонов на улице; пламя поднимается над кучей поддонов, вокруг стоят люди.",задокументировать городскую сцену,False
"https://sun9-88.userapi.com/s/v1/ig2/V7NNmtrveYpu-LG2yJN2tfuCcOdab5t3lp03NJ3e11azdv-fsVlC4TBP7s5VElfbn_rXhr_YQ_zsDI_A5EEUxP5T.jpg?quality=95&as=32x43,48x64,72x96,108x144,160x213,240x320,360x480,480x640,540x721,640x854,720x961,1080x1441,1280x1708,1388x1852&from=bu&cs=1388x0","Группа людей сидит за длинным столом в светлой комнате, за столом блюда и напитки; окна с занавесками. На стене оранжевый баннер с белым символом лампы.",показать группу людей за столом во время трапезы,False
"https://sun9-8.userapi.com/s/v1/ig2/d43QOxg9t-qUbZQzHjfnItk8BGm4bASDiDpuhuD3NTTG5O-CHawAsFf46V2HQwoaCIDoE7nh1KSELEtWvYo_xK_8.jpg?quality=95&as=32x43,48x64,72x96,108x144,160x213,240x320,360x480,480x640,540x721,640x854,720x961,1080x1441,1280x1708,1388x1852&from=bu&cs=1388x0","Группа людей на улице держит плакаты/таблички, участвуют в демонстрации.",задокументировать городскую сцену,False
"https://sun9-46.userapi.com/s/v1/ig2/Qs7EikQ_VQntNDkS0Qz61Y-LK7d2vb676CKtJZWpR8UjRAOJ9XQLn8DbFTwXGM64LZw3q7PAXu7amFhK4a4dFqJx.jpg?quality=95&as=32x43,48x64,72x96,108x144,160x213,240x320,360x480,480x640,540x720,640x853,720x960,1080x1440,1280x1707,1440x1920,1920x2560&from=bu&cs=1920x0",Группа девушек на улице возле башни из деревянных паллет; они взаимодействуют с конструкцией.,показать группу людей на улице,False
"https://sun9-4.userapi.com/s/v1/ig2/QRMjAF2w1MxNgOzs7UN2Xq3dedRU5iHwFlwC18CB2WnG96sAAXkX6Pxhck7Wrc2121UWJP1WEYk05TEEjC1gS1cD.jpg?quality=95&as=32x43,48x64,72x96,108x144,160x213,240x320,360x480,480x640,540x721,640x854,720x961,1080x1441,1280x1708,1388x1852&from=bu&cs=1388x0","Двое детей стоят внутри помещения перед яркой стеной с надписью ENERGY и рисунками, держат бумажные пакеты/сумки",позирует для фото,False
"https://sun9-33.userapi.com/s/v1/ig2/eAqp0cOqAzmkAdqeJa0OAb_uUL5Z9Qa3Vc-wFlnIrRX_OYCW52iSx2KrqyfQwQAagDDbunXMd_PERhkoEyeoWAI5.jpg?quality=95&as=32x43,48x64,72x96,108x144,160x213,240x320,360x480,480x640,540x720,640x853,720x960,1080x1440,1280x1707,1440x1920,1920x2560&from=bu&cs=1920x0","Девочка в очках держит собранную игрушку-конструктор в помещении, на фоне — стол с ноутбуком и картины на стене",показать ребенка с конструктором,False
"https://sun9-70.userapi.com/s/v1/ig2/hFkD1wVeC8coaWTT-KiExqV-nxYrB_eEAIptv4-ADRWhVJZ8Jr3YpFdGo9Yp2XXSmgVopXujgcz1mWsH7KydKfeI.jpg?quality=95&as=32x43,48x64,72x96,108x144,160x213,240x320,360x480,480x640,540x721,640x854,720x961,1080x1441,1280x1708,1388x1852&from=bu&cs=1388x0","Группа людей сидит за столом в помещении, на столе тарелки, напитки и еда; в комнате желтые стены и ярко пропускающие свет окна с занавесками.",показать групповое застолье,False
"https://sun9-19.userapi.com/s/v1/ig2/XmvvYAkA22s1N2tCm43O_PWG0Mc8pF-hW8Z5QkPBtD3L8ugOK7aVb4ydAHSXI1bbS16P-c1SFH-ZJYjhEb3NTxdY.jpg?quality=95&as=32x43,48x64,72x96,108x144,160x213,240x320,360x480,480x640,540x721,640x854,720x961,1080x1441,1280x1708,1388x1852&from=bu&cs=1388x0",Три молодых человека сидят на диване в комнате с оранжевыми стенами; все смотрят в телефоны.,показать бытовую сцену,False
"https://sun9-82.userapi.com/s/v1/if1/Zq0M8zYJ3f5YchdtxItapneTxmjXrarQkQanw3Ov-SCttUNhFfKmlZaVu1ToqE38KnjcSToI.jpg?quality=96&as=32x24,48x36,72x54,108x81,160x120,240x180,360x270,480x360,540x405,640x480,720x540,1080x810,1280x960,1440x1080,2560x1920&from=bu&cs=2560x0","Классная комната с круглыми столами и стульями, белая доска на стене, яркие цветные панели на стенах",показать интерьер класса,False
"https://sun9-13.userapi.com/s/v1/if1/UZTR8ZWKElh8fquYHZdNH0eQdRCqSO4DPCsz1BN4Ut7ajfoprx8ZATpZQtm0KoQwezN9-J1a.jpg?quality=96&as=32x24,48x36,72x54,108x81,160x119,240x179,360x269,480x358,540x403,640x478,720x538,1080x807,1280x956,1440x1075,2560x1912&from=bu&cs=2560x0","Двое взрослых за столом в ресторане, перед ними блюда и напитки",показать обед/ужин в ресторане,False
"https://sun9-54.userapi.com/s/v1/ig2/3klJnB7zJuhDmOTn6YAvhh3FW6v9jENMo2k2j9HEHM125wygt2c8K6gIhd3s0CGjdZR6qASWGlpCV3JL3AZxYx05.jpg?quality=96&as=32x43,48x64,72x96,108x144,160x213,240x320,360x480,480x640,540x720,640x853,720x960,1080x1440,1280x1707,1440x1920,1620x2160&from=bu&cs=1620x0","Девочка в голубой кофтинке и черной юбке стоит indoors рядом с настенным коллажем из фотографий, она указывает на одну из фотографий.",показать ребенка возле коллажа с фотографиями,False
"https://sun9-51.userapi.com/s/v1/ig2/nNz9bsyLvMFJ6BCz0qJU70fCPG8szA-DvbhVfYAntEYQFsJfpVXZRRmKl5-HgCPsI2bWKIgPLRh_eNvkmAskc-sb.jpg?quality=95&as=32x43,48x64,72x96,108x144,160x213,240x320,360x480,480x640,540x721,640x854,720x961,1080x1441,1280x1708,1388x1852&from=bu&cs=1388x0",Две молодые женщины стоят внутри помещения перед ярко-жёлтой стеной с логотипом; одна держит большой лист с рисунком.,показать двух людей с рисунком на фоне стены,False
"https://sun9-88.userapi.com/s/v1/ig2/iR1Vv9KZQG0Q8cq0LWf5iFpmaDdg0YdAGO3dK5lH6khAC2aShko2tQjR4m7BdpbImxgTUIur6ZaPAIpr_Qpdv8Nk.jpg?quality=95&as=32x43,48x64,72x96,108x144,160x213,240x320,360x480,480x640,540x721,640x854,720x961,1080x1441,1280x1708,1388x1852&from=bu&cs=1388x0","Две девушки сидят за столом в помещении. На столе тарелки с закусками и суши, банки напитков и желтые бумажные стаканы, ярко-желтые салфетки. Фон — окно с занавесками и радиатор.",показать дружескую встречу за столом с едой,False
"https://sun9-30.userapi.com/s/v1/if2/vUJdUCiKty--Caoe4I_XWKxDfRhLm1Yk0F1UMjwKq888x_cctJvb6gJPHKQE11ONsJCvjP7JmbfhN0RnycxblNwj.jpg?quality=95&as=32x24,48x36,72x54,108x81,160x120,240x180,360x270,480x360,540x405,640x480,720x540,1080x810,1280x960,1440x1080,1920x1440&from=bu&cs=1920x0","Группа молодых людей стоит на открытой площадке у здания, перед ними костёр/очаг с углями. Люди улыбаются и позируют на камеры.",показать группу людей на улице,False
"https://sun9-49.userapi.com/s/v1/ig2/XvcA1ntV4-2gWx0P1bjcGvdoD5VGVdXph7gffRLmxfVRDRS1VskScCTr2tj67m4Hv4i3lYyjj8fyOy8aBTzd9Vuc.jpg?quality=95&as=32x43,48x64,72x96,108x144,160x213,240x320,360x480,480x640,540x721,640x854,720x961,1080x1441,1280x1708,1388x1852&from=bu&cs=1388x0","Группа людей сидит за длинным столом в помещении: окна с занавесками, часы на стене, баннер на стене.",задокументировать встречу группы,False
"https://sun9-78.userapi.com/s/v1/ig2/CUam110c6_362uar2PzIc4laS-KwaB2ye6wdFwsRhsNTF-N2kmC0fj9EJ-HYdUk60vgtEYr00Uw7JnL8vwnTeEHN.jpg?quality=95&as=32x43,48x64,72x96,108x144,160x213,240x320,360x480,480x640,540x721,640x854,720x961,1080x1441,1280x1708,1388x1852&from=bu&cs=1388x0","Группа людей за длинным столом в помещении на фоне желтых занавесей; на столе закуски, банки газировки, тарелки и посуда.",показать группу людей за столом во время еды,False
"https://sun9-11.userapi.com/s/v1/ig1/yG7m7b_NmnCTTKv5tooC0D_W6v9VnwOHPBlO-UvGLVHEJc8XEveMwDtywGvXf_5rttB9Rg.jpg?quality=96&as=32x43,48x64,72x96,108x144,160x213,240x320,360x480,480x640,540x720,640x853,720x960,1080x1440,1280x1707,1440x1920,1620x2160&from=bu&cs=1620x0","Группа из трёх школьниц стоит перед чёрной доской в классе, слева стол с бумагами",показать школьное выступление перед классом,False
"https://sun9-25.userapi.com/s/v1/if1/sv64HYGNG-ocej-RyzYkZvn5HBV07VpkrUWwOgWHQpLmB86giptPCUrFKh6UikWsEL21624R.jpg?quality=96&as=32x24,48x36,72x54,108x81,160x120,240x180,360x269,480x359,540x404,640x479,720x539,1080x808,1280x957,1440x1077,2560x1915&from=bu&cs=2560x0","Уличная городская сцена: тротуар у ряда многоэтажек слева и вывески кафе справа; на тротуаре куча щепы/листвы; по улице проезжают автомобили, люди идут.",задокументировать городскую сцену,False
"https://sun9-16.userapi.com/s/v1/ig1/PzYLAgz20fPA_J9hf4OWfYx94au4i9w-pXb0nd8h5Y0ba05agHRNxa6BDIbgdaNPUIV31mva.jpg?quality=96&as=32x43,48x64,72x96,108x144,160x214,240x320,360x481,480x641,540x721,640x855,719x960&from=bu&cs=719x0","Красное старое здание на улице зимой, ступени у входа, дверь и окна на фасаде, снег на тротуаре и вдоль дороги, фонарь слева, соседнее здание на фоне",показать старое здание,False
"https://sun9-29.userapi.com/s/v1/if1/3Bt30Qd4z5sBsBRn7Ejsm2MsswVctlAbY0EsuqlCs-a0Ydy1lijCwJTwFoOhEpXCtHecKA.jpg?quality=96&as=32x24,48x36,72x54,108x81,160x120,240x180,360x270,480x360,540x405,640x480,720x540,960x720&from=bu&cs=960x0","Группа исполнителей на сцене в синем освещении; на заднем плане экран с подсветкой, внутри театра/зала",показать сценическое выступление,False
"https://sun9-27.userapi.com/s/v1/if1/oe-OQH958DvZJKnxxwoQGGU-gytaAl1xAVe_GFjGbBznJA-JCwz0Fq5sZX4GSqQAtF7p5pjN.jpg?quality=96&as=32x24,48x36,72x54,108x81,160x120,240x180,360x270,480x360,540x405,640x480,720x540,1080x810,1280x960,1440x1080,2560x1920&from=bu&cs=2560x0","Группа детей в узком коридоре, позируют для фото, некоторые держат стаканчики",сделать групповой портрет детей,False
"https://sun9-13.userapi.com/s/v1/ig2/f2IWkpPKD0LNlwTiL2tQxRZozQPyWQeI_ltNQDUMjkKaaIZ3cA7wf5obhmkpmdEzZVcvJgYZkwF6aCRqLsSAKVVD.jpg?quality=95&as=32x43,48x64,72x96,108x144,160x213,240x320,360x480,480x640,540x721,640x854,720x961,1080x1441,1280x1708,1388x1852&from=bu&cs=1388x0","Группа из пяти человек сидит на диване в ярко окрашенной комнате, улыбаются и держат игровые устройства/геймпады","показать группу друзей на диване, играющих на устройствах",False
"https://sun9-52.userapi.com/s/v1/ig1/9Zj9Xzjoojo2ecKm7l30bft6UVxcH3MAcq8w4ObxA6b9dpRWITAuGFCP3j3OmHVdpy16_pI2.jpg?quality=96&as=32x43,48x64,72x96,108x145,160x214,240x321,360x482,480x643,540x723,640x857,720x964,968x1296&from=bu&cs=968x0","Женщина в красном рядом с двумя девочками в клетчатых платьях и венках из цветов на улице, возле стены здания и зелёных растений",сделать групповое фото,False
"https://sun9-60.userapi.com/s/v1/ig2/6WdQNmGvsWGOzh7Gyx-PqtAEMjqrKDb3OmG3OQAEJO9p-LtV4MbGh6DVD1PbjL4g2OA4SrhbaIFE-F2MvoANEFsY.jpg?quality=95&as=32x43,48x64,72x96,108x144,160x213,240x320,360x480,480x640,540x720,640x853,720x960,1080x1440,1280x1707,1440x1920,1920x2560&from=bu&cs=1920x0",Человек в голубой джинсовой куртке стоит у деревянной рамки с сеткой на детской площадке; в проёмах рамки видны красный и синий шарики; вокруг земля с травой.,зафиксировать игровую сцену на площадке,False
"https://sun9-64.userapi.com/s/v1/ig2/1uUM3YCJ0ByVLCqtPiqvzJj5UDocGczGhlmtTY2j472atmUWfWJgdQTGWUQqjKUoJC1DjECtbeFUXMpwBxP_dUhk.jpg?quality=95&as=32x43,48x64,72x96,108x144,160x213,240x320,360x480,480x640,540x721,640x854,720x961,1080x1441,1280x1708,1388x1852&from=bu&cs=1388x0","Два мужчины стоят возле стола в помещении и пожимают руки; на столе лежит блокнот, рядом стул и другие предметы. Желтая стена с плакатами и надписями на фоне.",показать рукопожатие между двумя мужчинами в помещении,False
"https://sun9-12.userapi.com/s/v1/ig2/fHNHtbkAdTysW5FCpwHhb81OTEvHfSBBW5dI_amXbYDzrAagA-Q0-szTT8aZEwhOA9pLgTTYSDT3XUngqNdSo__Q.jpg?quality=95&as=32x41,48x61,72x92,108x138,160x205,240x307,360x461,480x615,540x692,640x820,720x923,1080x1384,1280x1640,1440x1845,1998x2560&from=bu&cs=1998x0","Яркие надувные трубки на улице, рядом группа людей, на заднем плане здания и палатка/навес.",показать детские развлечения на улице,False
"https://sun9-25.userapi.com/s/v1/if1/jbj4na0-KZTLA73jG6TWI2PffPjKOaKeVOibjZ_PTbsUst80Q2jXw7spc4aKFaZ8ssTwGP8U.jpg?quality=96&as=32x24,48x36,72x54,108x81,160x120,240x180,360x270,480x360,540x405,640x480,720x540,1080x810,1280x960,1440x1080,2560x1920&from=bu&cs=2560x0",Комната внутри помещения с белыми столами и разноцветными стулами; стены окрашены в мятовый цвет с радужными полосами и рисунками; окно с жалюзи на заднем плане.,показать интерьер помещения,False
"https://sun9-49.userapi.com/s/v1/ig1/31vhr1ea7y0b9FGuEU-rT7HM80phgJ8usxhxAGVVqBjTjEH8sB3J-ziyZLnt8DckIQjepDFI.jpg?quality=96&as=32x43,48x64,72x96,108x145,160x214,240x321,360x482,480x643,540x723,640x857,720x964,968x1296&from=bu&cs=968x0","Три человека на улице: две маленькие девочки в одинаковых клетчатых платьях с венками из цветов стоят рядом, взрослый человек в красном верхе и длинной юбке с цветочным принтом приседает рядом, улыбаются. Фон — бетонная стена с дверью и кусты слева.",позирование для группового портрета на улице,False
"https://sun9-70.userapi.com/s/v1/ig2/KUYx-IhcCS7zieE01QvMulojhNED_QNkPYO4oL6geKvtp2RRhAFPuWtc6xZInfD_RE8S-yukcJyolVIGNICjU3FM.jpg?quality=95&as=32x43,48x64,72x96,108x144,160x213,240x320,360x480,480x640,540x721,640x854,720x961,1080x1441,1280x1708,1388x1852&from=bu&cs=1388x0",Группа людей внутри помещения вокруг стола; многие в оранжевых фартуках; на стене коллаж фотографий,показать группу людей на мастер-классе,False
"https://sun9-12.userapi.com/s/v1/if1/ScGFgtXpUyYtlYkDHfn1gOuKuPZRC2Hqb1aGqnl9gObsVhJseGWgwqrx7cFa-hBZbJ8CCtHr.jpg?quality=96&as=32x24,48x36,72x54,108x81,160x120,240x180,360x270,480x360,540x405,640x480,720x540,1080x810,1280x960,1440x1080,2560x1920&from=bu&cs=2560x0","Группа детей сидит за длинным столом внутри помещения; на столе тарелки с фруктами (груши, яблоки); женщина-ведущий/педагог наклоняется к тарелкам, помогая детям.",показать детей за столом во время еды,False
"https://sun9-55.userapi.com/s/v1/ig2/EH-kF8vdsAibaiVp6EULf2bJkz2epOInNlzi_KyXHcePCNuWPoxGkrDLWDHvycZb9kylf1c1HhNNVJcQ_xXESpms.jpg?quality=96&as=32x43,48x64,72x96,108x144,160x213,240x320,360x480,480x640,540x721,640x854,720x961,1080x1441,1280x1708,1388x1852&from=bu&cs=1388x0",Молодая женщина в светло-голубой футболке держит букет цветов на фоне желтой стены,показать портрет женщины с букетом,False
"https://sun9-80.userapi.com/s/v1/ig2/pzpm3vt_hkkY1Cuw9iScO9b1bDFNXItU-ah5caYDGcjzlusOVDBx4bgwHbmVsxOECAwMCnBXSksSEpm5T7Oe0zYc.jpg?quality=96&as=32x43,48x64,72x96,108x144,160x214,240x320,360x481,480x641,540x721,640x855,720x961,1080x1442,1280x1709,1342x1792&from=bu&cs=1342x0","Женщина в полосатой кофте и фартуке моет что‑то в металлической миске над раковиной в помещении с несколькими раковинами, зеркалом и мыльницей.",показать бытовую сцену: мытьё посуды в раковине,False
"https://sun9-59.userapi.com/s/v1/ig1/kxLWfh4-_Gj0l9wqMCQqNLhqJpXEcHc2v6bRtvPuxVIu5chSHEoyMk8G0XeB_RezH_wja6sz.jpg?quality=96&as=32x43,48x64,72x96,108x144,160x213,240x320,360x480,480x640,540x721,640x854&from=bu&cs=640x0",Электронная сигарета/вейп-мод крупным планом на деревянном столе,показать товар,False
"https://sun9-81.userapi.com/s/v1/ig1/TidM5jpoqd7XYPKq1RljExHaeS_1WziBSJZYv3X4Ae50Ieovh13qtJUKizZpsq8iDJvPhWj4.jpg?quality=96&as=32x43,48x64,72x96,108x144,160x213,240x320,360x480,480x640,540x720,640x853,720x960,1080x1440,1280x1707,1440x1920,1620x2160&from=bu&cs=1620x0","Комната внутри: длинный белый стол, вокруг зелёные стулья; окно с вертикальными цветными жалюзи (сине-зелёные, розовый, желтый, зеленый), стены украшены графикой и полосами цветного дизайна; пол с рисунком плитки.",показать интерьер помещения с мебелью,False
"https://sun9-42.userapi.com/s/v1/ig2/8Jc2s0XNMZFwSqTTP42cPDF8MxF-y3r0UIPMoCQmvMKnTgb8rhKsX18iACplXhcIIdnQwVxFGQQ5Eq1zPLqFAWJo.jpg?quality=96&as=32x43,48x64,72x96,108x144,160x213,240x320,360x480,480x640,540x721,640x854,720x961,1080x1441,1280x1708,1388x1852&from=bu&cs=1388x0",Группа школьников и взрослых в помещении позирует перед камерой; многие держат желтые макеты в форме лампочек. На стене ярко-желтая декоративная стена и баннер оранжевого цвета с логотипом; перед участниками расположен стол.,сделать групповое фото,False
"https://sun9-56.userapi.com/s/v1/ig2/EZLOKsNgGpLZRQrlHK9ED9rgyhfcuVpz_wT7hbDeHkQL_izmqp_Hth0aH6pgnrIKlvH8cG57wH48muDDq3O-mKQp.jpg?quality=95&as=32x43,48x64,72x96,108x144,160x213,240x320,360x480,480x640,540x721,640x854,720x961,1080x1441,1280x1708,1388x1852&from=bu&cs=1388x0","Два человека стоят у окна в помещении, на подоконнике лежит зелёный лист бумаги; рядом радиатор и оранжевые занавеси.",показать интерьер комнаты,False
"https://sun9-31.userapi.com/s/v1/ig2/otYi1e-7nfHVxgoMl3yn3XTJm2d1Gsa08FE2o_AcJuCS9Y-KYVaZI78xCyX1aILI7gJ3dP5nqUROueYKDLHq-sVd.jpg?quality=96&as=32x43,48x64,72x96,108x144,160x213,240x320,360x480,480x640,540x721,640x854,720x961,1080x1441,1280x1708,1388x1852&from=bu&cs=1388x0","Группа людей сидит вокруг длинного деревянного стола в помещении; один человек поднимает руки, на столе бумаги, напитки и закуски. Окно с занавесками позади.",показать группу людей за столом во время встречи,False
"https://sun9-40.userapi.com/s/v1/if1/hLU3vwOyWG7_z_l-uMYU3p6nosRbzzwpuU55Wn__mMLQpk6pzaJb6MTZJS3RDf29IKtD0qZZ.jpg?quality=96&as=32x24,48x36,72x54,108x81,160x119,240x179,360x269,480x359,540x403,640x478,720x538,1080x807,1280x956,1296x968&from=bu&cs=1296x0","Группа людей сидит в помещении с фиолетовой стеной, в классной/заловой обстановке; видны стулья и декоративные элементы на стенах",показать группу людей в помещении,False
"https://sun9-55.userapi.com/s/v1/ig2/cD9Urlqfr8YfkPIJHTY3ZT8TJvOf_720aFjvscqHnynZK2_2bJdH3MTlmlRWS5kATSzkN9x5gGhfG4WQE9vD_etQ.jpg?quality=95&as=32x43,48x64,72x96,108x144,160x213,240x320,360x480,480x640,540x721,640x854,720x961,1080x1441,1280x1708,1388x1852&from=bu&cs=1388x0","Две молодые люди стоят на улице у стены здания; один в красной куртке, другой в темной толстовке, они обмениваются чем-то на руки; на заднем плане кирпичная стена с окном, на переднем плане оранжевая сумка/контейнер",зафиксировать момент взаимодействия между двумя людьми,False
"https://sun9-21.userapi.com/s/v1/if2/sQuAK6TAJka083V0RFP1QWYeN4c8dykRLnP90Ym_UeRiCvdFRlsWcXHSizRH8WDiPbR58wiEC7juvUwzr-ciGIf9.jpg?quality=95&as=32x24,48x36,72x54,108x81,160x120,240x180,360x270,480x360,540x405,640x480,720x540,1080x810,1280x960,1440x1080,1920x1440&from=bu&cs=1920x0","Группа людей стоит на улице перед фасадом здания, все позируют для общего снимка",сделать групповое фото,False
"https://sun9-36.userapi.com/s/v1/ig1/B5za8mvMnljl_p651SUd604qfES4U9dIbBqqRHbA_YMG1I-AQa9YgB5KxXAg2jx5eU45pgGp.jpg?quality=96&as=32x43,48x64,72x96,108x144,160x213,240x320,360x480,480x640,540x720,640x853,720x960&from=bu&cs=720x0",Два ребёнка играют за ярким игровым столом в помещении; на столе светящиеся кольца разного цвета и мультяшные иллюстрации.,"показать детей, играющих за игровым столом",False
"https://sun9-56.userapi.com/s/v1/if2/zqwC6pMm5Zi6L60W7YOcb5q4i9efnwm20bRsHI4mldt2iiHaaLl3KDpzI9-NygPwT4_Kl3uGvlLTYjXXpr3j7Qol.jpg?quality=95&as=32x31,48x46,72x69,108x104,160x153,240x230,360x345,480x460,540x518,640x613,720x690,1080x1035,1280x1227,1440x1380,2560x2454&from=bu&cs=2560x0","человек в тёмной куртке с капюшоном стоит на траве слева от белой стенки, вытянул руку вперед; на земле видны оранжевые конусы",задокументировать городскую сцену,False
"https://sun9-82.userapi.com/s/v1/if1/1LJ9XddYQsIE5KI2uWHdeYVMMUIyeQRFwVKc_CRCCC_yLU1MPcEDr1ToGqJhLg-mnvJ4uZ6P.jpg?quality=96&as=32x24,48x36,72x54,108x81,160x120,240x180,360x270,480x360,540x405,640x480,720x540,1080x810,1280x960,1440x1080,2560x1920&from=bu&cs=2560x0","Группа людей сидит вокруг белого стола в помещении, обсуждают документы; на окнах яркие разноцветные занавески.",проведение встречи,False
"https://sun9-60.userapi.com/s/v1/ig2/1UvCViQBGE9AiwJhf2AiLXDxLVY6fmNi6QzDP9LWsFqrqgNzPfrD_aP8-wxKjXnI6ZPJrmjGxAHwoT05hz_yajUU.jpg?quality=95&as=32x43,48x64,72x96,108x144,160x213,240x320,360x480,480x640,540x721,640x854,720x961,1080x1441,1280x1708,1388x1852&from=bu&cs=1388x0","Двое детей на кухне: девушка в ярко-зеленом фартуке и очках и парень в зелёной футболке и белой кипе работают над роллами суши на разделочных досках; стол покрыт голубой клеёнкой. Рядом миски, ингредиенты и упаковка, характерная кухонная/учебная среда.",показать процесс приготовления суши,False
"https://sun9-21.userapi.com/s/v1/ig2/Ca3OTzOe37DB8jEy41eyelRYF8YMajHm9fFrjRGjm_bMO5-HWIyBd0orkifDS1WmPYh8FhQ_9mYOSdAa7KKN2g9y.jpg?quality=95&as=32x43,48x64,72x96,108x144,160x213,240x320,360x480,480x640,540x721,640x854,720x961,1080x1441,1280x1708,1388x1852&from=bu&cs=1388x0","Группа девушек вокруг длинного стола в светлой комнате, заняты документами/письменной работой. На столе — бумага, карандаши, зеленые тарелки, кружки и миска попкорна; за спиной окно с светло-оранжевыми занавесками.",показать группу детей за столом во время занятия,False
"https://sun9-84.userapi.com/s/v1/ig2/AILWrTvwxG0elc5jpw7Ye0Q2y_rEFld-2P_wVCorq1AdJ7mpuSdnVPlnw3Ur0zYS2H7wR124VTFJyD5rdug2LVgh.jpg?quality=95&as=32x43,48x64,72x96,108x144,160x213,240x320,360x480,480x640,540x721,640x854,720x961,1080x1441,1280x1708,1388x1852&from=bu&cs=1388x0","Группа людей сидит вокруг длинного стола в конференц-зале, перед проектором и экраном",показать группу людей на совещании за столом,False
"https://sun9-80.userapi.com/s/v1/ig2/tv-NAMr7OinP08kA7Xtwb_ltxlGLgDt-BR_hZPJ0nID0VVNRxfT4QqrgmP1niy8LFIHQ-NtmRxv35AuVrGdXVaJg.jpg?quality=96&as=32x57,48x85,72x128,108x192,160x285,240x427,360x641,480x855,540x962,640x1140,720x1282,1080x1923,1150x2048&from=bu&cs=1150x0","Два мужчины в зимних шапках и куртках стоят рядом в офисном помещении, один обнимает плечо другого; на стене часы, зеркало и карта на стене.",позирование для группового фото в офисе,False
"https://sun9-8.userapi.com/s/v1/ig1/cdOEUyV9eS5ZL02YGhF7nH-WqTtB4ULuoTXwRgpqzW79sb-Wwzv31DKS3BBgjBSbIMQjfbAl.jpg?quality=96&as=32x43,48x64,72x96,108x144,160x213,240x320,360x480,480x640,540x720,640x853,720x960,1080x1440,1280x1707,1440x1920,1620x2160&from=bu&cs=1620x0",Книга о сыроделии на столе рядом с сырами и ножом.,показать книгу и сыроделие на столе,False
"https://sun9-78.userapi.com/s/v1/if1/qRXcbD4eeXTrl0-r53hsvJor8nB9msZtWHxLcBaRpMiFgBO0DeirQpCLG2RM_hrNszSvxw.jpg?quality=96&as=32x24,48x36,72x54,108x81,160x120,240x180,360x270,480x360,540x405,640x480,720x540,1080x810,1280x960,1440x1080,2560x1920&from=bu&cs=2560x0",Ближний план колеса автомобиля на снегу,показать деталь колеса автомобиля в снегу,False
"https://sun9-87.userapi.com/s/v1/ig2/hHbOMr5bk_RsYorWXX7nf8Cz_EPzC0KitqKHpZwjv7doD1Wp0zaqLHfa--lf6jFr4wO3xYmamQvAohJZ2mNDUH0H.jpg?quality=95&as=32x43,48x64,72x96,108x144,160x213,240x320,360x480,480x640,540x721,640x854,720x961,1080x1441,1280x1708,1388x1852&from=bu&cs=1388x0","Группа людей держит плакаты на улице, позируют перед зданиями и деревьями.",задокументировать городскую scenу,False
"https://sun9-75.userapi.com/s/v1/ig1/EpliTMB3V4Au6JSvrPLAEMPhDLPapPSXWHT81VJuEZlY7M7LnA8Vah4S9J32MwXFUtc_PfBv.jpg?quality=96&as=32x43,48x64,72x96,108x144,160x213,240x320,360x480,480x640,540x720,640x853,720x960,1080x1440,1280x1707,1440x1920,1620x2160&from=bu&cs=1620x0","Девочка держит на тарелке круглую выпечку внутри помещения, на фоне школьной комнаты",сделать портрет,False
"https://sun9-19.userapi.com/s/v1/if1/e3dGRO-dKnD0KCGYspxg1EbtCxXVwhL87SK7mTuWGiieFqVNXBNxWgnE_ZBp4Vs0h0Ze2Xd-.jpg?quality=96&as=32x24,48x36,72x54,108x81,160x120,240x180,360x270,480x360,540x405,640x480,720x540,1080x810,1280x960,1440x1080,2560x1920&from=bu&cs=2560x0",детская игровая площадка на улице с ярко окрашенной конструкцией; человек на платформе держит разноцветные воздушные шары,показать детскую игровую площадку,False
"https://sun9-60.userapi.com/s/v1/ig2/Wf5TLvZpX5YCdZf46oXFH9nmIaYrU8gZ_ShyURhfXXH5Fysco5qAUo5Hmj2_D2Rmwh-afBJsFjCMx2DhCoeOTsVR.jpg?quality=96&as=32x43,48x64,72x96,108x144,160x213,240x320,360x480,480x640,540x721,640x854,720x961,1080x1441,1280x1708,1388x1852&from=bu&cs=1388x0",Молодой мужчина в синем свитере стоит на желтой стене и держит белую чашку с палочками и ломтиками фруктов.,портрет человека в помещении,False
"https://sun9-32.userapi.com/s/v1/ig2/K-Ecm0-z3p28PhqARHzSDRf81WKo1t2-GwpSaz3OGuYVz7ajv9vb3tcZmh3Kp6vG9uLyRrX69Xj99inkyddcTkBp.jpg?quality=95&as=32x43,48x64,72x96,108x144,160x213,240x320,360x480,480x640,540x720,640x853,720x960,1080x1440,1200x1600&from=bu&cs=1200x0","Фасад старого красного здания с арочным входом и деревянной дверью; окна по бокам, декоративные детали над входом; сверху свисает зелень.",показать фасад здания,False
