image_url,photo_id,user_id,date_human,annotation_text_description,annotation_user_intent,annotation_has_building
"https://sun9-37.userapi.com/s/v1/ig1/nraF09sMTRE2asF37hqdNiwmm6x8XzEbnkF_BNFCah3TbMpqFNtwIG42xALsi8q4XCfL5Lf_.jpg?quality=96&as=32x32,48x48,72x72,108x108,160x160,240x240,360x360,480x480,540x540,640x640,720x720,1080x1080,1230x1230&from=bu&cs=1230x0",456326804,-121133864,2019-01-26 15:45:18,"Крупный план ногтей на пальцах руки с маникюром, на фоне видны надписи «РАБОТА УЧЕНИЦЫ» и «WHITE_ROSE_STUDIO_PERM»",показать маникюр и работу ученицы,False
"https://sun9-80.userapi.com/s/v1/ig1/u7Iy-JH51Nw9yC0tO9RwaLAsmtS_wofMw3v-P_Dnvs6ioKQPf36cwzexFMV6CdtCZuUSdNWG.jpg?quality=96&as=32x43,48x64,72x96,108x144,160x213,240x320,360x480,480x640&from=bu&cs=480x0",456239661,-46008634,2017-10-10 12:12:05,"На столе лежат несколько прямоугольных коричневых тортов на белых подносах; в фоне диван с подушками и игрушками. Видна рука, держащая кусочек торта слева.",показать выпечку,False
"https://sun9-38.userapi.com/s/v1/if2/WNlbeF5BG8NNG_whK3Urr7mzvuW973hM3LuigoIjbN1th4kY5p_s3Y2qHAFiOgBAbHiLwDuSFS1MIxg7nJsjhjDe.jpg?quality=95&as=32x24,48x36,72x54,108x81,160x120,240x180,360x270,480x360,540x405,640x480,720x540,1080x810,1280x960,1440x1080,2560x1920&from=bu&cs=2560x0",457316349,222199696,2022-10-28 12:22:25,"Узкая городская улица между кирпичными зданиями; над ней висят красные подвесные фонари; слева и справа красная мебель (скамейки и столики); мокрая поверхность улицы, витрины магазинов слева/справа.",показать городскую улицу с декоративной подсветкой,True
"https://sun9-67.userapi.com/s/v1/if2/WUPtJPVyZ8nP6KmTah6Y2AoAN6JmjdTtF-gsf_owKMQhYLWzhhQdVSFPtvsDcxAsQ1RJr3BP6bR8CaPzhUf181JN.jpg?quality=95&as=32x24,48x36,72x54,108x81,160x120,240x180,360x270,480x360,540x405,640x480,720x540,1080x810,1280x960,1440x1080,2560x1920&from=bu&cs=2560x0",457240121,-199296109,2023-02-06 08:43:19,"Группа из пяти людей позирует внутри перед стеной с яркой розовой неоновой надписью 'VIRUS'. На стене фотографии/картины, пол виден в кадре.",показать группу людей перед неоновой надписью,False
"https://sun9-59.userapi.com/s/v1/ig2/WYB-ZZr89yYSUSHTHyziD1Ag1wxPiUqWoiA7Gkg6mTUsYMdwkPzI--58f7aP1OzBbSEDWo-bewm4QgMjo8ULGb-Q.jpg?quality=96&as=32x43,48x64,72x96,108x144,160x214,240x320,360x481,480x641,540x721,640x855,720x961,1080x1442,1280x1709,1342x1792&from=bu&cs=1342x0",457250999,261660768,2020-10-16 20:11:21,"Две женщины позируют на улице на фоне жилых домов. Слева в черной глянцевой куртке и розовых лосинах, справа — в белом пуховом пальто и черных брюках. Обе смотрят в сторону камеры; на левой ноге у одной видна татуировка. Городской сценический кадр с уличным фоном.",показать одежду,True
"https://sun9-74.userapi.com/s/v1/ig2/hbju1fFx_BoGbrq-HMHi3TUy4686UwAmLsUNwh3IEBbonWWvFJspzGu6hvI8DJZTGQlzhghJwwESylQcpxcFSple.jpg?quality=96&as=32x43,48x64,72x96,108x144,160x213,240x320,360x480,480x640,540x720,640x853,720x960,1080x1440,1280x1707,1440x1920,1620x2160&from=bu&cs=1620x0",457240098,-199296109,2022-11-21 13:44:34,"VR-шлем на стойке с монитором в помещении; кабели свисают к полу, на стене много маленьких фото; деревянный пол.",показать товар,False
"https://sun9-60.userapi.com/s/v1/ig1/Y_JTif6q18RNp-KQuYwqj7s0Y4zAIaY9FtBY_vZOpR4CKyRi9Ib6Uj4iEBEKqquTffvm5W7t.jpg?quality=96&as=32x32,48x48,72x72,108x108,160x160,240x240,360x360,480x480,540x540,640x640,720x720,960x960&from=bu&cs=960x0",397101108,6663076,2016-01-09 20:08:02,"Три женщины на селфи, крупным планом улыбаются, фон темный, внутри помещения",сделать селфи,False
"https://sun9-59.userapi.com/s/v1/ig2/T_kig5rsakH1ENqiX1oSz5rvqm5b0bQWYqIQUsE7Gr3XuR2sSREGO7MBxzaWSLIzh-5qswU2IhwSYXGM3KYw2VZG.jpg?quality=95&as=32x32,48x48,72x72,108x108,160x160,240x240,360x360,480x480,540x540,640x640,720x720,1080x1080,1280x1280,1440x1440,1560x1560&from=bu&cs=1560x0",457261215,91875183,2024-05-19 19:20:45,Интерьер: на переднем плане несколько стопок толстых переплетённых книг с надписью TORAH; слева частично виден музыкальный инструмент; на фоне окно с растениями.,показать интерьер с книжной коллекцией,False
"https://sun9-1.userapi.com/s/v1/ig1/_19WV_Ge_ofqXhsBDlnjrGjmN_EnbSg0CeADiCBwS9suZDFiUbWdrDpjDV_w-Yb7pZGR-qkF.jpg?quality=96&as=32x32,48x48,72x72,108x108,160x160,240x240,360x360,480x480,540x540,640x640,720x720,1080x1080,1280x1280,1440x1440,1499x1499&from=bu&cs=1499x0",456239343,-124299091,2019-01-23 16:20:15,"Крупный план руки с маникюром: ногти тёпло-розового и золотистого градиента, блестящее покрытие; на изображении белый текст «РАБОТА УЧЕНИЦЫ» и «WHITE ROSE STUDIO PERM»",показать маникюр как услугу,False
"https://sun9-82.userapi.com/s/v1/ig2/swNZAfPhlA3bNNIrYwliEXx29UVm53e-_6x0YDGlTExuqVHW8vViYUyakrHcIU2o3wFOGp_ET9YXq37KAxcz7Vba.jpg?quality=96&as=32x43,48x64,72x96,108x144,160x213,240x320,360x480,480x640,540x720,640x853,720x960,1080x1440,1200x1600&from=bu&cs=1200x0",457243296,-46008634,2021-04-14 08:55:45,"Страница документа с таблицами и печатями, лежащая на поверхности стола",показать документ,False
"https://sun9-70.userapi.com/s/v1/if2/-lpH9ZLBf9nz4B5_486o6RKyogU5Klhcy-qJr0VfIr2TJfcZ7fJYrKAxUrznWJ4i4iMnKKFQjP5SyL-BnofqKPls.jpg?quality=96&as=32x24,48x36,72x54,108x81,160x120,240x180,360x270,480x360,540x405,640x480,720x540,1080x810,1280x960,1440x1080,2560x1920&from=bu&cs=2560x0",457244163,33433452,2020-03-23 17:36:53,"Два пожилых человека сидят за столиком в кафе: слева женщина, справа мужчина. На столе тарелка с десертом и мобильное устройство. За стеклянной дверью виден вход; интерьер теплая цветовая гамма.",показать людей за столиком в кафе,True
"https://sun9-66.userapi.com/s/v1/ig2/w_sT0l20ivm-6D5qrVrQjhnrbXkASinKfxvwyggveE0VftTi0WRy2OGs1Zgbjr6neWYVoo7nYhReEN-gANv7ISHR.jpg?quality=96&as=32x32,48x48,72x72,108x108,160x160,240x240,360x360,480x480,540x540,640x640,720x720,1080x1080,1280x1280,1440x1440,2160x2160&from=bu&cs=2160x0",457259614,-20170464,2021-09-12 15:21:56,Разноцветные конфеты-бусинки с буквами в белой треугольной тарелке на светлом фоне,показать конфеты в тарелке крупным планом,False
"https://sun9-38.userapi.com/s/v1/ig1/cW2-oN-orDElcC1sWVmvm-NnsSmMVrPbvqsynz-iert6dNiMGOu9OnalKeFqryZCYo6Bqxlc.jpg?quality=96&as=32x43,48x64,72x96,108x144,160x213,240x320,360x480,480x640,540x720,640x853,720x960,1080x1440,1218x1624&from=bu&cs=1218x0",457239325,-179672049,2020-03-24 06:51:31,"Два блюда на деревянном подносе на темном столе: переднее блюдо с ярко-оранжевыми морепродуктами и соусом, рядом миска с другими морепродуктами/моллюсками; интерьер ресторана.",показать блюдо,False
"https://sun9-62.userapi.com/s/v1/ig2/vzd93n96Uhwwn9uoo1QP4VQ95ps6oy1LMN2-IezHGfvRWdY4oev6Axi-RfAa5EYxpjagVVpmIobzVM0Puh4Evsb0.jpg?quality=95&as=32x43,48x64,72x96,108x144,160x213,240x320,360x480,480x640,540x720,640x853,720x960,1080x1440,1280x1707,1440x1920&from=bu&cs=1440x0",457242324,92313677,2022-05-24 11:19:16,"Коричневая кожаная обложка книги с золотыми надписями: на иврите «תורה» и латинскими буквами «TOPA»; снизу подпись «C переводом на русский язык». Обложка лежит на синей поверхности, видны декоративные цепочки.",показать обложку религиозной книги,False
"https://sun9-58.userapi.com/s/v1/ig1/qn1COIh_yQmYJ5sxU9spbHv_JF8FxE41KKRsb3DNB2IauzFv1fKMZpSpwJ9Gk1dWAtU4OHwH.jpg?quality=96&as=32x43,48x64,72x96,108x144,160x213,240x320,360x480,480x640,540x720,640x853,720x960,1080x1440,1280x1707,1440x1920,1620x2160&from=bu&cs=1620x0",456239030,261699652,2018-01-21 17:57:54,"Настенная декоративная панель с изображением енота и надписью #raccoon, в рамке, висит на светлой стене",показать настенную декоративную панель с енотом и надписью #raccoon,False
"https://sun9-60.userapi.com/s/v1/ig2/XnYdjNF8qh5puIDzZ4eCNq7e6nDaJqAmNDiyUlasRFHZca7HVzHiQn7F9K8fF1JZR5X6oYAAF8OTdtcJ1k2anVlh.jpg?quality=95&as=32x43,48x64,72x96,108x144,160x213,240x320,360x480,480x640,540x720,640x853,720x960,1080x1440,1280x1707,1440x1920,1920x2560&from=bu&cs=1920x0",457362927,170198655,2023-04-26 19:51:20,"Портрет молодого человека в кепке и очках на улице, позирует у синей деревянной стены.",показать портрет человека,False
"https://sun9-61.userapi.com/s/v1/ig2/SmRC-3eipM3gPfWho5pGOvJuEEZwiGk1CuWrapyj8B24XUI_yp1r8DXPxoU9Z5NmfPxXjx3aW-cUXwMptmT1SuMd.jpg?quality=95&as=32x57,48x85,72x128,108x192,160x284,240x427,360x640,480x853,540x960,640x1138,720x1280,900x1600&from=bu&cs=900x0",457259865,237883497,2022-11-14 16:48:05,"Человек в черной куртке и шапке сидит на красной металлической лестнице, рядом кирпичная стена; на фоне висят гирлянды огней.",показать портрет человека на лестнице в городской обстановке,True
"https://sun9-77.userapi.com/s/v1/ig1/1WwmSJbtR-qXP9Lif4VTyABzMazRiMrxQDuweChChgNEsH7RceZgYNqslgiJZ8Q7RplPbdU_.jpg?quality=96&as=32x43,48x64,72x96,108x144,160x214,240x320,360x481,480x641,540x721,640x855,720x961,1002x1338&from=bu&cs=1002x0",457239458,294750139,2019-11-14 16:43:01,"Человек сидит за столом в помещении с кирпичной стеной и вывеской Иван Раковар. На столе свечи и меню, слева ярко освещённая свеча/лампа.",показать портрет человека в интерьере ресторана,True
"https://sun9-57.userapi.com/s/v1/if2/fDIOpfU7wPvvNaieoIvFUhGbMAkCiviaNBEcNKVPJorrSjUbYoRsApeQ6uOuB2IlWHY-guCFZpWkTUx3ypIWax-q.jpg?quality=96&as=32x24,48x36,72x54,108x81,160x120,240x180,360x270,480x360,540x405,640x480,720x540,1080x810,1280x960,1440x1080,2560x1920&from=bu&cs=2560x0",457244164,33433452,2020-03-23 17:36:56,"Двое людей сидят за столом в кафе: слева женщина, справа мужчина; на столе тарелка с пирогом и телефон; позади видны стеклянные двери/окна.",задокументировать сцену в кафе,True
"https://sun9-28.userapi.com/s/v1/ig2/8kNvMLo9Pub4a5EORuMPw1RWQI7AuDesp9nhatmAimno-BEu0zKmAsotnxV4sTwRRjg0lQzYG8-d7r72uWVHmgFP.jpg?quality=96&as=32x43,48x64,72x96,108x144,160x213,240x320,360x480,480x640,540x720,640x853,720x960,1080x1440,1200x1600&from=bu&cs=1200x0",457239696,444560976,2021-06-08 19:47:02,"Страница с таблицей букв на светлом фоне; видны клетки с символами иврита/кириллицей, рядом маленькая плюшевая игрушка.",показать страницу со учебной таблицей букв,False
"https://sun9-9.userapi.com/s/v1/ig2/gqzwL5jtXcvmZ4vy2o3dMqIjF9Y3Rzc9rqaqCNVKDjvhvqdjSBwUfp1ViUMr0gV2xnGef_P_61Yp9bvx_hzV_1_W.jpg?quality=95&as=32x43,48x64,72x96,108x144,160x213,240x320,360x480,480x640,540x720,640x853,720x960,1080x1440,1280x1707,1440x1920,1920x2560&from=bu&cs=1920x0",457245769,-194619161,2024-11-11 12:19:11,"Женщина в черном пуховике с капюшоном стоит на заснеженной улице; рядом кирпичные стены, здания на заднем плане, над головой навес с гирляндами.",показать портрет человека на улице,True
"https://sun9-35.userapi.com/s/v1/ig2/DnHPPJNAaHRYZzD19DVmKJxZs6OAuJujMt-SZpmQlYcfPU_rqAUbOy26axnaV_0zG20SIzbpf0aBY2qKXZz3-fJA.jpg?quality=95&as=32x43,48x64,72x96,108x144,160x214,240x321,360x481,480x642,540x722,640x855,720x962,1080x1444,1197x1600&from=bu&cs=1197x0",457239264,-214801568,2022-10-23 06:51:11,"Девушка в розовом плаще и шляпе стоит у кирпичной стены на улице; на окне подоконник с вазой ярко-розовых цветов, ветви украшены огнями/гирляндами. У неё длинная коса, в руках перчатки.",показать одежду,True
"https://sun9-11.userapi.com/s/v1/if2/vVj5obVFowFLSAflc_OeelpqEZkc_ZmUo6aHNdUU_VGTxpom8qZD8vY6lI_MZowPI8sQyH93M2fjgJznIqWmyCfz.jpg?quality=95&as=32x24,48x36,72x54,108x81,160x120,240x180,360x270,480x360,540x405,640x480,720x540,1080x810,1280x960&from=bu&cs=1280x0",457239076,-216919326,2022-11-02 09:45:33,"Жёлтое деревянное здание на улице в снегу, перед ним припаркованы автомобили; вокруг многоэтажные дома",показать фасад здания,True
"https://sun9-44.userapi.com/s/v1/ig2/-Kghwr-RBL924zaZbZeBEV77wNsi89Lia-FZ9ytS70iv698y3q5XO8Xah2k7oKpbQlDturjWWHzeeGcINrLVzhw5.jpg?quality=95&as=32x32,48x48,72x72,108x108,160x160,240x240,360x360,480x480,540x540,640x640,720x720,1080x1080,1280x1280,1440x1440,1560x1560&from=bu&cs=1560x0",457261204,91875183,2024-05-19 19:20:23,"Интерьер помещения с массивной деревянной балюстрадой спереди, на заднем плане резной шкаф и светильники на стойках; потолочные панели.",задокументировать интерьер помещения,True
"https://sun9-45.userapi.com/s/v1/if1/O3OsfOYJ-UsBUfTkkzQxqERjoJzyxbHrQMLludt8e4EnfCmj-Ew8-Hy9Qg_HekxvX0sDUNk6.jpg?quality=96&as=32x25,48x38,72x56,108x85,160x125,240x188,360x282,480x376,540x423,640x502,720x565,1080x847,1280x1004,1440x1129,2172x1703&from=bu&cs=2172x0",422260472,-79968906,2016-07-22 15:13:12,"Плоская композиция на светлом деревянном столе: ярко оформленная банка Like Honey и маленькая банка мёда в гнезде из соломы, рядом упакованная коробка и деревянная ложка.",показать товар,False
"https://sun9-7.userapi.com/s/v1/ig1/DZs4h0UksqkSuF7Uxm-SNTiuRdI_0peoLV5QViurMgilMXqUK0VmMJmZAC9srJBqevxH5O4w.jpg?quality=96&as=32x43,48x64,72x96,108x144,160x214,240x320,360x481,480x641,540x721,640x855,719x960&from=bu&cs=719x0",456239109,449298869,2017-10-04 19:25:06,Женщина в черной кофте позирует в помещении перед белой стеной; слева заметны крупные бумажные цветы.,показать портрет человека,False
"https://sun9-59.userapi.com/s/v1/ig1/VeJx0xeqiEptf6vcFILYhOJr8xlZQ5Jw2m3AqkTi5RTp6tLAk8Aex7JO45MuxsibcyYJ1Q.jpg?quality=96&as=32x40,48x60,72x90,108x135,160x200,240x300,360x450,480x600,540x675,640x800,720x900,1080x1350,1224x1530&from=bu&cs=1224x0",456243817,63059081,2017-09-21 06:53:08,Две женщины улыбаются и делают селфи в помещении кофейни; на груди видны бейджики с именами.,сделать селфи,False
"https://sun9-56.userapi.com/s/v1/ig2/TfnXqhSnDpBYmoJvzfb-vJF6eVv0rxwbX2E-yCrQ-UfJaSqiAUJE77b6ZtGzCUxmQ79k-02suXv1EZp6JKJgebR-.jpg?quality=95&as=32x43,48x64,72x96,108x144,160x214,240x320,360x480,480x641,540x721,640x854,720x961,1080x1441,1280x1708,1440x1922,1918x2560&from=bu&cs=1918x0",457316353,222199696,2022-10-28 12:22:32,"Красные уличные фонари над красными скамейками; снег на лавках и на земле, кирпичная стена здания с окнами на фоне.",показать декоративные уличные фонари и урбанистическую мебель на улице зимой,True
"https://sun9-17.userapi.com/s/v1/ig1/PjEtY4miQ0bEIopLkBJWPT4Rw0cobNhaA7Wy7aYnoVQc9owFiYkTx8VBgZPbI5Zg7VV96KKr.jpg?quality=96&as=32x43,48x64,72x96,108x144,160x214,240x320,360x481,480x641,540x721,640x855,719x960&from=bu&cs=719x0",456239104,449298869,2017-10-04 19:24:55,"Женщина стоит в помещении перед гигантскими декоративными цветами: розовое и белое цветочные фигуры на зеленой опоре; она одета в черную кожаную куртку, розовую мини-юбку, темные колготки и высокие сапоги. Позирует в легком ракурсе слева от камеры.",показать одежду,False
"https://sun9-43.userapi.com/s/v1/ig2/U-uu3VXbZ-CcKU0DfIAb1yTyRqt7RTMU2z4xYbj2NOyKZEF696U-XBm4_GFOjQb2a9IcmsBktq2UpzobOPm3tlJW.jpg?quality=95&as=32x43,48x64,72x96,108x144,160x214,240x320,360x480,480x641,540x721,640x854,720x961,1080x1441,1280x1708,1440x1922,1918x2560&from=bu&cs=1918x0",457316344,222199696,2022-10-28 12:22:15,"Уличный переулок с кирпичными домами, висят красные фонари и гирлянды, на мокрой от снега мостовой стоит женщина в темном пальто, слева и справа — red-цветные лавки.",сделать уличный портрет,True
"https://sun9-44.userapi.com/s/v1/ig1/S2S7WxdN2dQG8Z0k664a4yfx5Txr9Ac65mR-ZCYS6puo8gh7X3Y5ZZubfkMEjyMhWyEMEef0.jpg?quality=96&as=32x32,48x48,72x72,108x108,160x160,240x240,360x360,480x480,540x540,640x640,720x720,960x960&from=bu&cs=960x0",456239032,-58954545,2016-12-19 11:59:10,Синие сапоги с черным кантом и принтом листьев на стенде в магазине; видны ярлыки и одежда на витрине на заднем плане,показать обувь,False
"https://sun9-16.userapi.com/s/v1/if1/yx8egnaF2ZMz5UKZpg7VprEyshiaIDpz4w4bQ7HpQLTHEb6OXB138hwRB3YyEpcQq7mYObct.jpg?quality=96&as=32x24,48x36,72x54,108x81,160x120,240x180,360x270,480x360,540x405,640x480,720x540,960x720&from=bu&cs=960x0",348285315,221928518,2014-12-26 03:41:50,"Интерьер помещения с стеной, украшенной постерами персонажей из фильмов и сериалов. На столе стоит монитор, слева кресло, наверху расположен кондиционер.",показать интерьер помещения с постерами на стене,False
"https://sun9-74.userapi.com/s/v1/if1/HknEN6QafmXIns16jrq6hiRceIV7Q4Vdrg4833V2LKPNt5IyBnBrRnAzX4P0Af-pAHYokyNc.jpg?quality=96&as=32x25,48x37,72x56,108x84,160x125,240x187,360x280,480x374,540x421,640x498,720x561,1080x841,1280x997,1440x1122,2560x1994&from=bu&cs=2560x0",456240406,-129131427,2018-02-02 12:05:01,Белые кроссовки с рисунками размещены на белом столе вокруг коробки с надписью White lines и маленького растения,показать обувь,False
"https://sun9-74.userapi.com/s/v1/ig2/8Uu7x0pJMaXd6XGhyCgQolurecF7WdyB0RYyDz0YdFZKziYVCO9G3Km1VI3YqVsJLDv8saJqJIRRE5ll3umgGE13.jpg?quality=95&as=32x43,48x65,72x97,108x145,160x215,240x323,360x484,480x646,540x726,640x861,720x968,1080x1453,1280x1722,1440x1937,1840x2475&from=bu&cs=1840x0",457240245,-215880081,2023-06-18 14:05:03,"Два человека делают селфи в помещении: женщина в очках в черной футболке и джинсах, мужчина в черной футболке и джинсах, оба улыбаются и протягивают руки к камере.",сделать селфи,False
"https://sun9-69.userapi.com/s/v1/ig1/VZko8uI8XDWwvRCiBKhG1u3a9OhVDNOGe-Jm3cuvO-3-TKXUwGjQZVPwEmWJoRZR7IUd6xcC.jpg?quality=96&as=32x57,48x85,72x128,108x192,160x284,240x427,360x640,480x853,540x960,640x1138,720x1280&from=bu&cs=720x0",457247483,261660768,2019-10-03 18:38:22,Женщина в длинном светло-сером меховом пальто позирует у витрины магазина на улице; на витрине видна надпись 'New collection Winter 2019-2020'.,показать меховую шубу,True
"https://sun9-83.userapi.com/s/v1/ig2/xktzd9UbhJBE1O3UCiW7nfUVki_fs-l3wmZAWD_tkO2EcO1ZvYgsaWuCW4dekOnLNgtVr5IO1Sl5odwdcmn_Fg9h.jpg?quality=95&as=32x43,48x64,72x96,108x144,160x214,240x321,360x481,480x642,540x722,640x855,720x962,1080x1444,1197x1600&from=bu&cs=1197x0",457239265,-214801568,2022-10-23 06:51:11,"Женщина в розовом пальто и шляпе стоит рядом с кирпичной стеной, левая рука в перчатке касается стены; на подоконнике — вазон с сухоцветами, рядом окно в старом здании.",показать портрет на фоне городской стены,True
"https://sun9-4.userapi.com/s/v1/ig2/X9wI6pWrSdvzFy6V2fcojxtpbgluh91rYvdyQ0j_hd7myzI0VsLapu6NYj2YTbR5l7qEVESSdZTfMsi38U94Vw-Q.jpg?quality=96&as=32x43,48x64,72x96,108x144,160x213,240x320,360x480,480x640,540x720,640x853,720x960,1080x1440,1218x1624&from=bu&cs=1218x0",457239500,-179672049,2021-07-21 05:42:17,"Тарелка с раками на столе, рядом бокал пива; интерьер ресторана с красными стульями на заднем плане.",показать еду,False
"https://sun9-80.userapi.com/s/v1/ig2/6CVdB_K_iYLMh0U1xYvRUGibml4Iao8_X2_XsgrMhbuhPoXQGmVitxPznvjd4HR0WgagYgajCVax4dDxXSZBWr0f.jpg?quality=95&as=32x32,48x48,72x72,108x108,160x160,240x240,360x360,480x480,540x540,640x640,720x720,1080x1080,1280x1280,1440x1440,1560x1560&from=bu&cs=1560x0",457261214,91875183,2024-05-19 19:20:43,Витрина с фарфоровой посудой на тарелке в стеклянной витрине; видны отражения рамы и окон,показать посуду,False
"https://sun9-15.userapi.com/s/v1/ig1/3M0W2PjoysBwOhg5J4Gw2eZcq9XwGC6rssVw-EIyWWC1iVpyFs2vrQ0i-xeHX3iUbD72HeC5.jpg?quality=96&as=32x43,48x64,72x96,108x144,160x214,240x320,360x480,480x641,540x721,640x854,720x961,959x1280&from=bu&cs=959x0",457239249,-179672049,2020-01-17 13:02:26,"Блюдо с лобстером на тарелке с соусом в чаше, на деревянной подставке в ресторанном интерьере",показать еду,False
"https://sun9-67.userapi.com/s/v1/ig2/d2nHGlMVXn5kx6YvelvMEwXMebjtfCdiCZmCyx095Q5jC_fuD5ILP5iBlqRcfatywooba70yJMf3FbF6Dqldnw4y.jpg?quality=96&as=32x32,48x48,72x72,108x108,160x160,240x240,360x360,480x480,540x540,640x640,720x720,960x960&from=bu&cs=960x0",456240477,-38130267,2017-04-04 07:27:26,"Интерьер магазина одежды: манекен в сером костюме справа, вдоль стены висит одежда на вешалках; на переднем плане стеллажи с одеждой и аксессуарами.",показать интерьер магазина одежды,False
"https://sun9-24.userapi.com/s/v1/ig2/6OHxtbgQlp2lCKMP9IQbVWmJ7yTFhoCdRwmYtcuxSw1Y6tI6PmukmcHV0PWK5IQlbzkTCNLdiJyHCRx1leBZzr6q.jpg?quality=96&as=32x43,48x64,72x96,108x144,160x213,240x320,360x480,480x640,540x720,640x853,720x960,1080x1440,1280x1707,1440x1920,1620x2160&from=bu&cs=1620x0",457244139,33433452,2020-03-17 02:55:10,"Группа людей сидит за длинным деревянным столом в кафе. На стене за ними декоративная карта мира и крупная надпись, люди улыбаясь смотрят в камеру.",показать группу людей за столом в кафе,False
"https://sun9-57.userapi.com/s/v1/ig1/3xIvtciN_MYgQ3b6RkqJPx25AOAuAp9v5ZPCRjMJ-VAVy1hftfY82ehNvnWcz69Z3uGBqltv.jpg?quality=96&as=32x32,48x48,72x72,108x108,160x160,240x240,360x360,480x480,540x540,640x640,720x720,1080x1080,1280x1280,1440x1440,2160x2160&from=bu&cs=2160x0",456239020,522934788,2019-02-11 21:18:35,Двое молодых мужчин сидят за высоким столом в тёпло освещённом кафе; на фоне видна вывеска и другие посетители,показать людей в кафе,False
"https://sun9-18.userapi.com/s/v1/ig2/dUbzaHo3cM6ETpsNlDJ69OAdJTNKF6QWHdPicM3T5z-huvQDJmDRUgwQ9RhlQ0gbJkXJz8KKZg5fu9KsZgwAFvOs.jpg?quality=95&as=32x44,48x65,72x98,108x147,160x218,240x327,360x491,480x655,540x737,640x873,720x982,1080x1474,1280x1747,1440x1965,1742x2377&from=bu&cs=1742x0",457245770,-194619161,2024-11-11 12:19:11,"Человек в черном пуховике с капюшоном, руки перекрестились перед собой; частично видна улыбка; на фоне снег.",показать одежду,False
"https://sun9-39.userapi.com/s/v1/ig2/S1INRRtpLdV6cEs6aU1Oz1-HISaF5FJ0bpqluJXROHACFZ5UrGB4HBZHSVa_f1PEXTpGhBiqIZLEDpZd_BKKzJ1C.jpg?quality=95&as=32x43,48x64,72x96,108x144,160x213,240x320,360x480,480x640,540x720,640x853,720x960,1080x1440,1266x1688&from=bu&cs=1266x0",457240759,63064211,2022-09-08 12:54:25,Человек стоит посреди узкой городской улицы под яркими красными фонарями; слева и справа — здания и вывески.,портрет на улице,True
"https://sun9-29.userapi.com/s/v1/ig2/XHoYBxWWHBbCFGRcTPkrcqK-P66XBM5RXYl0FT8HizVnozQxJnSnWeFDpJWFkFmSCiDlgs1nQ9gVsZ4kFntzJ54G.jpg?quality=96&as=32x43,48x64,72x96,108x144,160x214,240x320,360x480,480x641,540x721,640x854,720x961,959x1280&from=bu&cs=959x0",457239250,-179672049,2020-01-24 06:37:54,Работник в красной форме и кепке наливает соус из кастрюли в миску с едой на кухне ресторана; фон — розовая стена с узором.,показать процесс приготовления блюда,False
"https://sun9-75.userapi.com/s/v1/ig1/RTVZtgxaCO2XZPDY7Cn9fTrCY0_cs-QiRdv5rcc3ChmRTDRrbaI7y4ndxIHbNQWuI5q0ldWh.jpg?quality=96&as=32x43,48x64,72x96,108x144,160x213,240x320,360x480,480x640,540x720,640x853,720x960,1080x1440,1280x1707,1440x1920,1620x2160&from=bu&cs=1620x0",456239032,261699652,2018-01-22 15:09:49,Белый чайник и чашки на деревянном столе в интерьере; на фоне светлая занавесь и торшер,показать сервировку чая в интерьере,False
"https://sun9-59.userapi.com/s/v1/ig2/3Va_XuWw5hN4BtbudMQSTgDXrH_4qsXB7jK7j6gAJtBEg7gvVIFyZcVEIhod46gxQJJxOLO-I2QTJpAVPNltKJpN.jpg?quality=95&as=32x44,48x66,72x100,108x149,160x221,240x332,360x498,480x664,540x747,640x885,720x996,1080x1494,1280x1770,1440x1992,1851x2560&from=bu&cs=1851x0",457244683,-46008634,2024-01-16 15:01:12,Страница книги с напечатанным русским текстом; видны абзацы и номер страницы внизу справа,передать страницу книги с русским текстом,False
"https://sun9-14.userapi.com/s/v1/if2/MDW94UHKW-b8KCNi03Gn52W1z3zE2P9Kz68jfOX_GiIK2jxlBwF0RCh2fIXnF3wJUbRZpRuIhyNs2JAMXdnOseAC.jpg?quality=96&as=32x24,48x36,72x54,108x81,160x120,240x180,360x270,480x360,540x405,640x480,720x540,1080x810,1280x960,1440x1080,2560x1920&from=bu&cs=2560x0",457244165,33433452,2020-03-23 17:36:58,"Женщина сидит за столом в кафе, перед ней тарелка с закусками и стеклянная кружка",показать человека в кафе за столом с едой,True
"https://sun9-50.userapi.com/s/v1/ig1/6BMcTW2-XBnirLaXeGa9IB-BxyiZoE1IaIfu6q8N1X2xqfFesm27nFkdEJ6BUJWfhB-nmAKL.jpg?quality=96&as=32x43,48x64,72x96,108x144,160x213,240x320,360x480,480x640,540x720,640x853,720x960&from=bu&cs=720x0",456243818,533721228,2019-06-04 08:58:21,"Женщина в розовом спортивном топе и полосатых лосинах делает селфи перед зеркалом в ванной; видна мозаичная плитка на стенах, раковина и зеркало, рядом постер/рекламная наклейка",сделать селфи,False
"https://sun9-60.userapi.com/s/v1/if2/JRN4vHCUJjp1FKJxeo7HbGoMHU15EOKEASGvzTNtGeDe3E6i2hJJ65kk6CGOrFnTnjcQMDEFoHEPEJhT2aC09016.jpg?quality=96&as=32x24,48x36,72x54,108x81,160x120,240x180,360x270,480x360,540x405,640x480,720x540,1080x810,1280x960,1440x1080,2560x1920&from=bu&cs=2560x0",305062118,211883514,2013-06-13 12:38:44,"Внутри магазина одежды: на переднем плане одежда на вешалках (футболки и рубашки), позади видны полки с одеждой и на верхних полках размещены чемоданы/сумки; светлый потолок с панельными светильниками, общий торговый зал магазина.",показать одежду,True
"https://sun9-5.userapi.com/s/v1/ig2/kvXppV3c4zfBPmzAN7Civ0fPqutNMQVk5h170XfBQdj1iheB7dsRk4DqRyVoJJve3MD7MvG4dGKS-4kHgpFktMve.jpg?quality=95&as=32x44,48x67,72x100,108x150,160x222,240x333,360x499,480x666,540x749,640x888,720x998,1080x1498,1280x1775,1440x1997,1846x2560&from=bu&cs=1846x0",457244682,-46008634,2024-01-16 15:01:12,"Страница книги с печатным русским текстом, видны заголовки и абзацы.",показать страницу с текстом,False
"https://sun9-3.userapi.com/s/v1/ig2/abJHbHqZ1mQnmj0sZgqVLE24MUU6GRJpBXABTW5dJecdZplQBU_7Iq2bjkmOQMoeNKVwzFRFkIa1QwqUH1zstBTV.jpg?quality=95&as=32x43,48x64,72x96,108x144,160x214,240x320,360x480,480x641,540x721,640x854,720x961,1080x1441,1280x1708,1440x1922,1918x2560&from=bu&cs=1918x0",457271236,-184864215,2022-10-28 12:20:27,Уличная аллея между кирпичными домами: на мокрой после снега кирпичной мостовой стоят красные столы и скамейки. Над прогулочной зоной висят гирлянды с красными фонариками. Впереди идёт женщина в чёрном пальто; вокруг — здания и снежная подложка.,задокументировать городскую сцену,True
"https://sun9-52.userapi.com/s/v1/ig2/IsUQjG8CKRiJy8FrKoNqMeIXYqw5d3Xh7z2cPuyEQm53mA4bHCkW8PHy9pavcDJQqIjq03vZef8nKEqxDM7tHeAz.jpg?quality=96&as=32x43,48x64,72x96,108x144,160x213,240x320,360x480,480x640,540x720,640x853,720x960,1080x1440,1200x1600&from=bu&cs=1200x0",457243295,-46008634,2021-04-13 08:33:28,"Интерьер зала с рядами красных кресел; люди в талитах стоят у кресел, окна по бокам и мебель на заднем плане",показать интерьер религиозного зала во время службы,True
"https://sun9-75.userapi.com/s/v1/ig2/uEuCQ8umRkRyuxSj2FUXSsuCCPojpZ9U_wlm8m3fMvBXkuFYatKUws2Iqm6diamaIeLdZN41sWE7AOVVCEW-5fwi.jpg?quality=95&as=32x43,48x64,72x96,108x144,160x214,240x320,360x480,480x641,540x721,640x854,720x961,1080x1441,1280x1708,1440x1922,1918x2560&from=bu&cs=1918x0",457316346,222199696,2022-10-28 12:22:18,"Человек в черном пальто стоит во дворе/улице с красными скамейками и гирляндами над головой, на мокрой мостовой с небольшим снегом; вокруг кирпичные стены зданий.",задокументировать городскую сцену,True
"https://sun9-18.userapi.com/s/v1/if2/mwIcSGEAJz23BtclkpuYrlhbkvfI29Ul_ci5pfN4tNM5P7ruwt7f3F_X4x2bI2f8Nez0WH366uA-OvDBr9aFR_dR.jpg?quality=95&as=32x24,48x36,72x54,108x81,160x120,240x180,360x270,480x360,540x405,640x480,720x540,1080x810,1280x960,1440x1080,2016x1512&from=bu&cs=2016x0",457239496,204208346,2022-06-27 19:47:34,"Миниатюрный макет города внутри витрины: несколько высотных зданий, транспортная развязка и миниатюрные автомобили на дорогах, зелёные участки вокруг.",показать макет города,True
"https://sun9-46.userapi.com/s/v1/ig2/O5HVNRxnGBtXEHdV7DU_Uf0lNRNNtM2ZzVTAcmIOH97UH6TH2dJ0N1nXjpTLVQWcLgpGN5mkqZ4zKth2WFvobTZO.jpg?quality=95&as=32x44,48x66,72x99,108x149,160x221,240x331,360x496,480x662,540x744,640x882,720x993,1080x1489,1280x1765,1440x1985,1857x2560&from=bu&cs=1857x0",457244684,-46008634,2024-01-16 15:01:12,"Страница текста на русском языке, печатный шрифт, видны абзацы и номер страницы внизу.",показать страницу книги,False
"https://sun9-53.userapi.com/s/v1/ig2/5SeWTRKreMbI1kpNGqm7GGhg5C5i8Ya1a9Q0xnQfYl7CMe_GKOUrOfVQE2aY5PV39WL4r_yYs51a51syF-gW0BHf.jpg?quality=95&as=32x43,48x64,72x96,108x144,160x213,240x320,360x480,480x640,540x720,640x853,720x960,1080x1440,1280x1707,1440x1920,1920x2560&from=bu&cs=1920x0",457242437,308194550,2022-12-02 17:40:54,"Улица/переулок ночью, украшенный красными фонарями, на мостовой лежит снег; по бокам кирпичные здания и вывески",задокументировать городскую сцену,True
"https://sun9-50.userapi.com/s/v1/if2/Tp73iN64lGVZX-2B5mrv1mhA9OJcl9k31xA-GDDYChwX2luYxBFQHk22NmA5ivYBzSHS1LVRaQQSYdLx9jG_7pP3.jpg?quality=96&as=32x24,48x36,72x54,108x81,160x120,240x180,360x270,480x360,540x405,640x480,720x540,1080x810,1280x960,1440x1080,2560x1920&from=bu&cs=2560x0",457244166,33433452,2020-03-23 17:37:01,"Женщина сидит за столом в кафе/ресторане, держит палочки над тарелкой с кусочками еды. На столе тарелка с едой, бокал и пустой стеклянный стакан. В помещении красные стулья, каменная стена и барная стойка на фоне.",показать человека за столом в кафе,True
"https://sun9-79.userapi.com/s/v1/ig2/yBKJWLUd4pg9X37CkmTAXx3YpDQZeTuAY3r_2pMTaLZMiRqQSdm1cL48YBvpwn8ORtNWVKoXjbjosJO7KJ4QE1nY.jpg?quality=95&as=32x43,48x64,72x96,108x144,160x214,240x321,360x481,480x642,540x722,640x855,720x962,1080x1444,1197x1600&from=bu&cs=1197x0",457239263,-214801568,2022-10-23 06:51:11,"Женщина в розовом пальто и шляпе стоит у кирпичной стены возле окна, на подоконнике цветы. На переднем плане — фактура кирпича и окно.",показать одежду,True
"https://sun9-40.userapi.com/s/v1/ig2/u1kEYJ0QQve5W5d_k5mVQSkPuWigkmi04fxArNjOXWJUK7FZ9JICOJgh3vuJEdxc9j6x1eAXI9a8QuYn7ITFWW6N.jpg?quality=96&as=32x43,48x64,72x96,108x144,160x213,240x320,360x480,480x640,540x720,640x853,720x960,1080x1440,1280x1707,1344x1792&from=bu&cs=1344x0",457244919,-170690865,2022-04-14 09:02:18,Женщина в бежевом костюме стоит перед белой стеной в помещении.,показать одежду,False
"https://sun9-19.userapi.com/s/v1/if2/K1dwauK6z2mcd3b_jNz-6SNNTMsqpXLZ2-HgtbcYOotyYNNn8xKGkdS51hsLee39PPpFTnDPxvZ2dg3ycPBc3pCD.jpg?quality=95&as=32x24,48x36,72x54,108x81,160x120,240x180,360x270,480x360,540x405,640x480,720x540,1080x810,1280x960,1440x1080,2016x1512&from=bu&cs=2016x0",457239495,204208346,2022-06-27 19:47:33,"Макет города в помещении: вид сверху на компактные жилые корпуса вдоль улиц, дороги с маленькими моделями автомобилей, зелёные участки.",показать модель городской застройки,True
"https://sun9-62.userapi.com/s/v1/ig2/b4k8mkVMe4D-BtSkHOjxyOyxAnSK5ySFbbN_mlOKHiX1H4Tm3K8AkTg-u0cw6cQSbrvoFxVYJd8O-48OdpHAF1K2.jpg?quality=95&as=32x57,48x85,72x128,108x192,160x284,240x426,360x639,480x852,540x959,640x1136,720x1278,1080x1917,1280x2272,1440x2556,1442x2560&from=bu&cs=1442x0",457243352,463954823,2023-04-02 15:28:01,"Женщина в светлом пуховом пальто и шарфе стоит на пешеходной улице, украшенной красными фонариками. По обе стороны — кирпичные здания, слева стоят красные столики и стулья, над улицей висят провода. Небо голубое, день.",показать одежду,True
"https://sun9-3.userapi.com/s/v1/ig2/YcXJqOHNMeowIXfJffP39xvS8avsMyu8FdrfciqQle3AJ1abC-n-onICuE0jtnKj4VwJqVfNKxsJiE-BnLosHX-2.jpg?quality=95&as=32x32,48x48,72x72,108x108,160x160,240x240,360x360,480x480,540x540,640x640,720x720,1080x1080,1280x1280,1440x1440,1560x1560&from=bu&cs=1560x0",457261213,91875183,2024-05-19 19:20:41,Уголок внутри помещения: декоративная ткань/скатерть с рисунком и надписью лежит под стеклянной поверхностью; сверху видны зелёные листья растения,показать декоративную ткань,False
"https://sun9-64.userapi.com/s/v1/if2/a3M9T1CsiJmuS1Zp9rEZNQ4tZE646aSW2KDQyJt3sIfrlmiE_Qa_h3tUbw23UFMsrlpsegRStaSikiYz6MJRbfd1.jpg?quality=96&as=32x18,48x27,72x40,108x61,160x90,240x135,360x202,480x270,540x303,640x359,720x404,1080x607,1280x719&from=bu&cs=1280x0",334506706,212761732,2014-06-30 18:26:49,"Люди стоят перед окном уличного киоска, продающего напитки; видны вывески и витрина киоска",показать уличный киоск и людей в очереди,True
"https://sun9-79.userapi.com/s/v1/ig2/yJ3LLDo12-H-NP4gai-3cRVfeHza7W1GB5W6p9UZ8K3-h4WCsnmTAHkP5Cg7jbabnAGdTqI74v5YARo_91C8FAO0.jpg?quality=95&as=32x43,48x64,72x96,108x144,160x213,240x320,360x480,480x640,540x720,640x853,720x960,1080x1440,1280x1707,1440x1920,1920x2560&from=bu&cs=1920x0",457245800,-194619161,2024-11-18 08:06:22,Женщина в длинной черной зимней куртке с меховой капюшоном стоит на улице перед витриной магазина с красными декоративными элементами.,показать одежду,True
"https://sun9-83.userapi.com/s/v1/ig1/3q-SGIF1ri4O9Tm1YwTUPNpsPr4qK_TnV3w8vzaOgUTBuFH14uL8YUjkZNZmzPtMxnHjixYv.jpg?quality=96&as=32x40,48x60,72x90,108x135,160x200,240x300,360x450,480x600,540x675,640x800,720x900,768x960&from=bu&cs=768x0",456241336,269898165,2018-10-29 11:20:28,"Группа детей и взрослая женщина позирует вместе в помещении: взрослая женщина в очках рядом с детьми, один ребёнок в красном платье в белый горошек; на заднем плане барная стойка с бутылками.",сделать групповое фото,False
"https://sun9-25.userapi.com/s/v1/if2/lR5uAFZG_jVC4PLg4RfhAQO2kJ_fXQA1CdoT5DV9XvyyYKQ30jXnoY9UAnPPaDuS7vO-zWpymDh8vGHleXRVUpKk.jpg?quality=96&as=32x24,48x36,72x54,108x81,160x120,240x180,360x270,480x360,540x405,640x480,720x540,1080x810,1280x960,1440x1080,2560x1920&from=bu&cs=2560x0",457253450,-20170464,2020-07-23 15:30:39,"Много маленьких пакетиков с бисером, пайетками и декоративными материалами, разложенных на светлой ткани на столе.",показать наборы для рукоделия,False
"https://sun9-36.userapi.com/s/v1/ig2/_SzPw6IxRmU8ssfPt6wYpFOyzxv-XCNnWRYY3PpC6n3kyXSF-BGktbmPU4hUQpD0JjiOkREYYGU5vLNRpspEQ2pz.jpg?quality=95&as=32x43,48x64,72x96,108x144,160x213,240x320,360x479,480x639,540x719,640x852,720x959,1080x1438,1280x1705,1440x1918,1922x2560&from=bu&cs=1922x0",457244679,-46008634,2024-01-16 15:01:12,Чёрно-белая страница с портретом пожилого мужчины и текстом биографической статьи,показать портрет и биографическую страницу,False
"https://sun9-49.userapi.com/s/v1/ig2/cVRjCD-8Y0Eu43A11qOfGqFY7fArlQXP8AJyssNCu2rMQfDcGeN9NzY-TwuobUl-JtIXJstGF07M-ADHwdG5QT_A.jpg?quality=95&as=32x43,48x64,72x96,108x144,160x213,240x319,360x479,480x639,540x719,640x852,720x958,1080x1438,1280x1704,1440x1917,1923x2560&from=bu&cs=1923x0",457247826,222751382,2023-01-14 06:39:18,"Человек в белом зимнем пальто стоит перед ярким муралом на стене, вокруг декоративные елки и искусственный снег; над сценой висят гирлянды.",позирование перед городским муралом,False
"https://sun9-1.userapi.com/s/v1/ig2/zWgyoIDcAvlSNl1aZjAuvnUIeVLj822ikNcIJ0zgooB5xjXwFfJOFig6KW20JPsM9NHkqVb2XlLGnwdnxLxyt87M.jpg?quality=95&as=32x45,48x68,72x102,108x153,160x226,240x339,360x509,480x678,540x763,640x904,720x1017,1080x1526,1280x1808,1440x2034,1812x2560&from=bu&cs=1812x0",457244680,-46008634,2024-01-16 15:01:12,"Страница книги с русским текстом, печатный шрифт, текст занимает большую часть страницы.",показать страницу книги с текстом,False
"https://sun9-75.userapi.com/s/v1/ig2/8XzBD1fUD3959-z_ub5kugWFWD-6WVgXoggs_83JAJHKWQLdK9f3lO_A3O_Xc3Kam3xatPx9RHiGqI4YdMp83IBk.jpg?quality=95&as=32x43,48x64,72x96,108x144,160x214,240x320,360x480,480x641,540x721,640x854,720x961,1080x1441,1280x1708,1440x1922,1918x2560&from=bu&cs=1918x0",457316345,222199696,2022-10-28 12:22:16,"Один человек в черном пальто идёт по узкой мокрой кирпичной улице, сверху висят красные фонари и гирлянды; слева красные скамейки, по сторонам здания, снег на краях тротуара.",задокументировать городскую сцену,True
"https://sun9-69.userapi.com/s/v1/ig2/lyVILeT5e7CgeLD5x_Br6Ikssdemh8yW3Qz1FRVUmmlTzczMFHJD9Apn9TwSrsuYAdp5ZTZdS_4fj9NjootoSFC0.jpg?quality=96&as=32x43,48x64,72x96,108x144,160x213,240x320,360x480,480x640,540x720,640x853,720x960,1080x1440,1280x1707,1440x1920,1620x2160&from=bu&cs=1620x0",457240470,-179988268,2020-09-02 08:48:17,"Черный рюкзак в руках у человека, стоящего перед зеркалом в магазине; в отражении видно пол и витрину.",показать рюкзак,False
"https://sun9-31.userapi.com/s/v1/ig2/vkZVqtrOTYJbx8nBmAE0t3dXKfZf9Ul8JK2ppInvNtxKq92t7JCbHl6znD9nPpv46oVUKmfkwtB0cZoxWSs70b51.jpg?quality=96&as=32x43,48x64,72x96,108x144,160x213,240x320,360x480,480x640,540x720,640x853,720x960,1080x1440,1200x1600&from=bu&cs=1200x0",457243294,-46008634,2021-04-13 08:33:28,"Интерьер зала: ряды красных кресел, человек в костюме читает книгу на переднем плане, другие люди стоят у спинок скамей; вдоль стены окна, в помещении есть деревянные перегородки.",показать интерьер зала,True
"https://sun9-82.userapi.com/s/v1/ig2/ZbiQ5ctj2KvvdMyGNxd2TZnmwz7GXfBa84i75TqhjyF9RvNKm2d4Okl7zYYUQ-QYgzUbHmRuAJz-T5GiDJF0pzJ5.jpg?quality=96&as=32x35,48x52,72x78,108x117,160x174,240x261,360x391,480x521,540x586,640x695,701x761&from=bu&cs=701x0",456240910,269898165,2018-08-10 14:11:34,"Женщина в черном купальнике стоит по колено в воде у берега, волны бьются о ноги.",показать человека в купальнике на пляже,False
"https://sun9-19.userapi.com/s/v1/if1/_jr0sQPTu89WcyNKtb4DbLJ8JV_2OPBhzEzUL-FsbVv2Y-J3YrrhrHvxEGQPsgQeI3qK8w-h.jpg?quality=96&as=32x20,48x30,72x44,108x67,160x99,240x148,360x222,480x296,540x333,640x395,690x426&from=bu&cs=690x0",456247291,192767690,2017-08-11 07:20:10,"Крупное классическое здание с колоннами по фасаду на улице, перед ним деревья, ряд автомобилей на улице",показать фасад здания,True
"https://sun9-2.userapi.com/s/v1/ig2/fkGQ-OjZJ6-7I7Bd8iPp_NR04LT1graxrzQfMOmZYu6L61Zi5R1LHn0XslR51MUqEFo6RfEZ7qtT8gLLhYtpbczh.jpg?quality=95&as=32x43,48x64,72x96,108x144,160x213,240x320,360x480,480x640,540x720,640x853,720x960,1080x1440,1280x1707,1440x1920,1920x2560&from=bu&cs=1920x0",457245761,-194619161,2024-11-09 09:02:19,Женщина в светлом пуховике с большим меховым воротником позирует перед камерой,показать одежду,True
"https://sun9-78.userapi.com/s/v1/ig2/G4zWlynY5w4VSa5gOA3H7fL-gv-IhzsrTuLKXKfg1xrhlOc7JSBJwhlFtpuxxVxVbcw35Ppgdg1h-NAnLexnW3cb.jpg?quality=95&as=32x43,48x64,72x96,108x144,160x213,240x320,360x480,480x640,540x720,640x853,720x960,1080x1440,1280x1707,1440x1920,1920x2560&from=bu&cs=1920x0",457245774,-194619161,2024-11-11 12:19:11,"Женщина в длинном черном пуховике с меховым воротником стоит на улице в снегу, позирует к камере; на заднем плане — темный вход в туннель/гараж и кирпичные стены.",показать одежду,True
"https://sun9-27.userapi.com/s/v1/ig2/Wv2atiJnzvesKD45gPa3nHnLCnhUl-2hcDf7cajP5nHU0H9RF5V1ESz6JINJ_0pmgwME9x-GOFz5CkLhnrcFhV27.jpg?quality=95&as=32x43,48x64,72x96,108x144,160x214,240x320,360x480,480x641,540x721,640x854,720x961,1080x1441,1280x1708,1440x1922,1918x2560&from=bu&cs=1918x0",457316351,222199696,2022-10-28 12:22:29,"Улица с витриной магазина, красные фонари над входом, кирпичная стена, стеклянные двери и кондиционер снаружи; на тротуаре лежат красные ящики",задокументировать городскую сцену,True
"https://sun9-85.userapi.com/s/v1/ig2/aHVb1aSyfYqeAb7VYtxRhh2Lxfg0ovfZntU5FsCgvgcUu-DUj4hdpzqMQN7Tx_JXit6YubqbgFooCFi8TasFCFyN.jpg?quality=96&as=32x43,48x64,72x96,108x144,160x213,240x320,360x480,480x640,540x720,640x853,720x960,1080x1440,1280x1707,1440x1920,1620x2160&from=bu&cs=1620x0",457248473,-116518,2021-12-21 08:46:44,"Две девушки в кухне чистят кафельную стену губками, верхние полки с банками позади, на руках яркие желтые резиновые перчатки.",показать процесс уборки на кухне,True
"https://sun9-53.userapi.com/s/v1/ig2/sWewDGmxrRdsnBFyFYAYCUdrt2GwmVl_3FqvVXitJ4os_hFYh_1oiGhnOb3kKxu1rBKOeIl4YMXHMMRmpB39NCOg.jpg?quality=96&as=32x32,48x48,72x72,108x108,160x160,240x240,360x360,480x480,540x540,640x640,720x720,1080x1080,1280x1280,1440x1440,2160x2160&from=bu&cs=2160x0",457259613,-20170464,2021-09-12 15:21:56,Крупный план: мелкие металлические буквеные бусины в белой треугольной тарелке на светлом фоне ткани.,показать товар: набор буквенных бусин,False
"https://sun9-3.userapi.com/s/v1/ig1/jHJDpQcXcWxlLq3C8dVn2CEqFju_qkoMKvEiowAoUnYmazWTPf7pUgGZlUes7v43j4j8SPAb.jpg?quality=96&as=32x43,48x64,72x96,108x144,160x213,240x320,360x480,480x640,540x720,640x853,720x960,1080x1440,1280x1707,1440x1920,1620x2160&from=bu&cs=1620x0",457239966,-179988268,2019-10-16 18:31:55,"Человек в магазине фотографирует себя в зеркале: надета голубая миди-юбка, светлая кофта, светлый кардиган; в руках красно-коричневая сумка; черные ботинки; вокруг примерочная и полки с одеждой, белый плиточный пол.",сделать селфи,True
"https://sun9-74.userapi.com/s/v1/ig2/DCe0TQOerfSRA7PNbQhTRaZwu6LYI7sC35ssefC-PN66Ma2xxcwc45TXPQxLwiqtv2M5tOudRpNldQ7gS0nQ6tN-.jpg?quality=95&as=32x43,48x64,72x96,108x144,160x214,240x320,360x481,480x641,540x721,640x855,720x961,1080x1442,1280x1709,1342x1792&from=bu&cs=1342x0",457251821,-170690865,2022-06-17 10:00:05,"Женщина в платье с открытыми плечами позирует внутри помещения у белой двери; держит розовую сумку и носит белые кроссовки, солнечные очки.",показать одежду,True
"https://sun9-53.userapi.com/s/v1/ig2/aXFVuV3oBpJ4rEqncDVRolQjZU73pLUhwM_qjrYnltlzOC1oblNl30bBZAot-PrreUO-pkCEqdeNzIG3_eV60zMm.jpg?quality=95&as=32x43,48x64,72x96,108x144,160x213,240x320,360x480,480x640,540x720,640x854,720x960,1080x1440,1280x1707,1440x1921,1690x2254&from=bu&cs=1690x0",457239266,-211080765,2023-04-08 13:27:27,"Крупный план лица молодой женщины, светлый макияж, зелёная кофта (капюшон), нейтральное освещение",сделать селфи,False
"https://sun9-4.userapi.com/s/v1/ig1/Fe8GYUaVf24aVoDvVgEkHYXQnIHuXIpTFC9ps1wtoaoD9ZpXkd9RV-aKWTUZVnGXc3Fs7_ye.jpg?quality=96&as=32x43,48x64,72x96,108x144,160x213,240x320,360x480,480x640&from=bu&cs=480x0",456239651,-46008634,2017-10-10 12:11:21,Рука человека над столом с подарочными коробками и упаковками; на столе видны яркие рисунки и улыбающаяся желтая игрушка среди подарков,показать подарки и подарочные коробки на столе,False
"https://sun9-76.userapi.com/s/v1/ig1/nU3AuEyHHMMh6k6qSedrVq0JZEnT4jt7WnlXIdg2yqXnpk8oRuiX96VKQjc-IVkmrMzbKTsM.jpg?quality=96&as=32x48,48x71,72x107,108x161,160x238,240x357,360x536,480x714,540x804,640x953,720x1072,860x1280&from=bu&cs=860x0",456256836,29082038,2019-05-16 13:50:34,"Человек в темных очках на близком портретном снимке, черно-белая гамма, видна часть бороды",сделать селфи,False
"https://sun9-1.userapi.com/s/v1/ig2/HhWqQBOtFQ9iuLnStuncy69qBy3Ta3AqlraoVsQEqiWqmwp8mFVKDbwe3lrcbakyPAhh5bzJz2ifYE75yPQMBNTE.jpg?quality=95&as=32x43,48x64,72x96,108x144,160x213,240x320,360x480,480x640,540x720,640x853,720x960,1080x1440,1280x1707,1440x1920&from=bu&cs=1440x0",457240810,493814524,2022-12-02 19:53:00,Женщина в очках держит бокал в помещении с синей подсветкой; видна кирпичная стена и часть интерьера.,"портрет женщины с бокалом в барной обстановке, крупный план лица",True
"https://sun9-33.userapi.com/s/v1/ig2/zm-bbx2-yQuVkRbHTjTfD4W3q_CukliGAOAsgi5pACCH3z8DrtxaF43fL_WNu2X9G73cg5yrKOoH9q2Zbp3yjHwB.jpg?quality=95&as=32x43,48x64,72x96,108x144,160x213,240x320,360x480,480x640,540x720,640x853,720x960,1080x1440,1280x1707,1440x1920,1920x2560&from=bu&cs=1920x0",457245773,-194619161,2024-11-11 12:19:11,Женщина в бежевом длинном пуховике с меховой опушкой капюшона стоит на заснеженной улице,показать зимнюю одежду,False
"https://sun9-9.userapi.com/s/v1/ig2/Uy90D2ZNCdGpBesW-kxHj78lYnGkYsJXgWqrzGTJrWN1qms2fI64VPoHbNUGoXr2GeKsRB0cMPoKvyna5BFocqzy.jpg?quality=96&as=32x43,48x64,72x96,108x144,160x213,240x320,360x480,480x640,540x720,640x853,720x960,1080x1440,1280x1707,1440x1920,1620x2160&from=bu&cs=1620x0",457240476,-179988268,2020-09-02 08:57:41,Человек держит черный рюкзак перед зеркалом в магазине; видны пол и витрины с товарами,показать рюкзак,False
"https://sun9-41.userapi.com/s/v1/ig2/daK6dvAoIWipIc-HGLIGzm3PlYeqPWnlvT3qgRzZMcOktlMjThRblAt3qsOhAsp18ILEBrw5Lx8yyDFR1u-br_wH.jpg?quality=96&as=32x43,48x64,72x96,108x144,160x213,240x320,360x480,480x640,540x720,640x853,720x960,1080x1440,1280x1707,1440x1920,1620x2160&from=bu&cs=1620x0",457240486,-179988268,2020-09-02 12:34:56,"Пол в торговом зале магазина, человек держит черную сумку перед собой перед зеркалом; видны витрины, ценники и стойки.",показать сумку как товар,True
"https://sun9-74.userapi.com/s/v1/ig2/OzMO5cBcMCKicJcKAVJ1b7mXJapeIX6IZeyPUMG6gjZI4J1H7rbSK3GTizdaKcswe729YIq0Ri9lokSQYaeTHHa9.jpg?quality=95&as=32x57,48x85,72x128,108x192,160x284,240x427,360x640,480x853,540x960,640x1138,720x1280,1080x1920,1280x2276,1440x2560&from=bu&cs=1440x0",457638905,-107920064,2023-08-18 07:48:14,"Крупный план руки с ярко-оранжевым маникюром; ногти блестящие, фон размытый",показать маникюр,False
"https://sun9-77.userapi.com/s/v1/ig2/ReAVvFp6ZmJfJ4HsSNdUjOniOB9qWwLM8lVYbnrlEIpsakW3_tTOJufcXstk9QVVPsmZWdq9i7VijH9DL1XYd3E5.jpg?quality=95&as=32x43,48x64,72x96,108x144,160x213,240x320,360x480,480x640,540x720,640x853,720x960,1080x1440,1280x1707,1440x1920,1920x2560&from=bu&cs=1920x0",457239138,-225765287,2024-07-06 12:08:40,"Женщина в салоне красоты, боковой профиль, ухоженные волосы, вокруг кресло и зеркало",показать прическу,False
"https://sun9-59.userapi.com/s/v1/ig2/on_po8iTbcONxUYG1BCq__ccqNPt6CkQZWvB_N3o3NuUcuknVxup1p22Ja3X-nzBWWxWASGtcWsiHnwa05eUduZB.jpg?quality=95&as=32x43,48x64,72x96,108x144,160x213,240x320,360x480,480x640,540x720,640x853,720x960,1080x1440,1280x1707,1398x1864&from=bu&cs=1398x0",457257053,-170690865,2023-05-03 15:39:51,"Девушка в фиолетовом топе и белых широких брюках делает селфи в помещении: держит телефон перед лицом, позирует перед светлой стеной; в руках маленькая фиолетовая сумка; слева в кадре растение на подпоре, на полу — нейтральный пол и интерьер.",сделать селфи,False
"https://sun9-83.userapi.com/s/v1/if1/guogJFnnI8QDsWfJsXxOrDsj8VKEp8wfuQos_gjtPi_xi8zGVXLKxbN-3B30Jgp5huwdK5XB.jpg?quality=96&as=32x18,48x27,72x40,108x60,160x89,240x134,360x201,480x268,540x302,640x357,720x402,1024x572&from=bu&cs=1024x0",456239563,-145795246,2018-05-25 14:52:24,"Пустое помещение: деревянный пол, большие окна вдоль одной стены, через которые падает дневной свет; по правой стене встроенные шкафы; потолок с плиточными панелями и светильниками.",показать интерьер пустого помещения,False
"https://sun9-47.userapi.com/s/v1/ig2/E3WgwHf5zUeGMdqvkYbmFjUWh2Kl_jOrJJo6rL1qBfJTzbe8N_xyCwMx9Ya081NZamEKtplMFNfMzncTy-H2G7KN.jpg?quality=95&as=32x38,48x57,72x85,108x128,160x190,240x284,360x427,480x569,540x640,640x759,720x853,1080x1280,1280x1517,1350x1600&from=bu&cs=1350x0",457239268,-214801568,2022-10-23 06:51:11,Девушка в розовом пальто и шляпе позирует у кирпичной стены с окном на улице,показать одежду и образ человека на улице,True
"https://sun9-17.userapi.com/s/v1/ig2/IUTgeMkhIf2eNh_hfeBrnDO6Ls9O7S5ER7YNLvIN4YgGo57Dgt9no_hutyvRHZxBZvnv_TaGK-r0tAiPCW1AkqOP.jpg?quality=96&as=32x43,48x64,72x96,108x144,160x213,240x320,360x480,480x640,540x720,640x853,720x960,1080x1440,1280x1707,1440x1920,1620x2160&from=bu&cs=1620x0",457248476,-116518,2021-12-21 08:46:44,"Группа людей в помещении вокруг длинного стола: на переднем плане мужчина держит тарелку с куском выпечки, перед ним лежит большая прямоугольная выпечка на противне; люди стоят и заняты раздачей/подачей блюда.",показать еду,True
"https://sun9-16.userapi.com/s/v1/ig1/GT5N1QhzTP5kXUC6esBAdoDVaUVpSz5xYZrjNLkjIs4FBtoYfKKM8GEXpzBOO2MQMeU4k2iV.jpg?quality=96&as=32x40,48x60,72x90,108x135,160x200,240x300,360x449,480x599,540x674,640x799&from=bu&cs=640x0",456239420,238663528,2017-01-17 06:55:11,Плакат на стене с расписанием работы мастера депиляции и ламинирования ресниц,показать график работы мастера депиляции и ламинирования ресниц,False
"https://sun9-32.userapi.com/s/v1/ig1/atywD3vXPI36yIQ6lzVKd6kihr1o_4DWNOscRJaWUNg0NrAUkFaYj-WYykbAJdqgH3BsMXfF.jpg?quality=96&as=32x43,48x64,72x96,108x144,160x213,240x320,360x480,480x640,540x720,640x853,720x960,1080x1440,1280x1707,1440x1920,1620x2160&from=bu&cs=1620x0",457239967,-179988268,2019-10-16 18:31:55,"Человек в магазине одежды снимает себя в зеркале; видна черная сумка в руке, светлая кофта, серая юбка и черные ботинки; вокруг — пол и витрины с одеждой.",сделать селфи,True
"https://sun9-15.userapi.com/s/v1/ig2/g06BUkZSHIypFVlxwRduLGMWGtGzHjJNVRUGSyq2Rgr-ADnD2ZTDl1M2w9r0mRbgj9f_FhxIg38ZFqU_dZ_S9osR.jpg?quality=95&as=32x43,48x64,72x96,108x144,160x213,240x320,360x480,480x640,540x720,640x853,720x960,1080x1440,1200x1600&from=bu&cs=1200x0",457286709,14340157,2022-06-22 12:32:37,"Интерьер ресторана: посетители сидят за столами, красные стены, яркие висящие баннеры с японскими надписью, мягкое потолочное освещение.",показать интерьер ресторана с посетителями,True
"https://sun9-29.userapi.com/s/v1/ig1/pfW86YLq5SJY0rbo-iDvlvVmAb3Ic_8qaZQQSGrB5V5gAP18ft4iTQPK4ZWu7UrxkRzHUw.jpg?quality=96&as=32x32,48x48,72x72,108x108,160x160,240x240,360x360,480x480,540x540,640x640,720x720,960x960&from=bu&cs=960x0",440111890,14722266,2016-10-13 06:53:29,"Два человека сидят на синих креслах в аудитории; слева молодой человек в светлой кофте и джинсах, справа человек в темном костюме и очках; потолок усыпан яркими квадратными светильниками, в зале видны ряды кресел",показать группу людей в аудитории,False
"https://sun9-78.userapi.com/s/v1/if1/OHWB8553xdN_dPLJFkLOYQtfcNt6dQacWmDZ65nixLY21cy6CYaGfdILCrUpyPKfAZusXL28.jpg?quality=96&as=32x27,48x40,72x60,108x90,160x134,240x201,360x301,480x402,540x452,640x536,720x603,960x804&from=bu&cs=960x0",456240994,269898165,2018-09-07 09:10:56,"Человек в купальнике идёт по берегу к воде, вид сзади; море, песок и голубое небо с облаками.","показать человека на пляже, идущего к воде",False
"https://sun9-60.userapi.com/s/v1/ig2/LWKJbk0XBZoJUz0ooe68JJncWEcvxWhEvFi_iIGKMSzrj7mpTvFavIM52mHsaKYrXbbcnULYs1uazM1mCRdV_s1Q.jpg?quality=95&as=32x43,48x64,72x96,108x144,160x214,240x321,360x481,480x642,540x722,640x855,720x962,1080x1444,1197x1600&from=bu&cs=1197x0",457239266,-214801568,2022-10-23 06:51:11,Девушка в розовом пальто и военной кепке позирует у кирпичной стены на улице.,показать костюм/одежду,True
"https://sun9-78.userapi.com/s/v1/if2/LwictXLEPGbYumz8ng2rM-2Y_d20aT-_ogCZ4MIrB-X0es233fjj5s4ZgNuKqHtoSIURy67VTc7ZFtHTjbHjIO--.jpg?quality=95&as=32x24,48x36,72x54,108x82,160x121,240x182,360x272,480x363,540x409,640x484,720x545,1080x817,1280x969,1440x1090,1600x1211&from=bu&cs=1600x0",457259862,237883497,2022-11-14 16:47:57,Женщина в темном пальто сидит на красной железной лестнице внутри помещения; вокруг теплое освещение с гирляндами.,портрет человека на лестнице,True
"https://sun9-11.userapi.com/s/v1/ig1/OqD8DZTLLyQPFZiEEHAXOtDqqrXNwSJHowYkXRrmVsE_a38eQpjBs7uiaUZNGYP0i6Usrt9L.jpg?quality=96&as=32x43,48x64,72x96,108x144,160x213,240x320,360x480,480x640&from=bu&cs=480x0",456239652,-46008634,2017-10-10 12:11:26,"На длинных столах в помещении расставлены голубые пластиковые пакеты и черные мусорные мешки, на переднем столе лежит белая крышка от контейнера.",показать мусор и упаковку на столах внутри помещения,False
"https://sun9-77.userapi.com/s/v1/ig1/XYmi2b5SQPoheVi_AG5yDy7b6Yt0yBL2sWGXpoL58p9y7M3aoOwtOCuOHDGJDIebd_p82G0Y.jpg?quality=96&as=32x43,48x64,72x96,108x144,160x213,240x320,360x480,480x640&from=bu&cs=480x0",456239664,-46008634,2017-10-10 12:12:25,"Группа мужчин в белых талитах вокруг деревянного ковчега/шкафа внутри синагоги; видна деревянная ограда-перила, тёплое освещение и потолочные панели.",задокументировать молитвенную сцену,True
"https://sun9-31.userapi.com/s/v1/ig1/zMqfp0jk9PaFe_ymAIDn7o6HrDI3EL1-hf0uyiGl3yxJWCY0ZryrfHCCZB0NOmKJdbqZE5hT.jpg?quality=96&as=32x43,48x64,72x96,108x144,160x213,240x320,360x480,480x640&from=bu&cs=480x0",456239658,-46008634,2017-10-10 12:11:51,Много кусочков арбуза в белой миске на столе,показать еду,False
"https://sun9-11.userapi.com/s/v1/ig2/Tq2oB9mPSwtMAWRWQtmMOHQE2uQAfgrC7jH54KAlA4OhqCNimP81Vs29ujiQ77yr8aO17mZ4Qc9UjfBfYIYNQuIx.jpg?quality=95&as=32x43,48x64,72x96,108x144,160x213,240x320,360x480,480x640,540x720,640x853,720x960,1080x1440,1280x1707,1440x1920,1920x2560&from=bu&cs=1920x0",457245768,-194619161,2024-11-11 12:19:11,Женщина в черном пуховике на снегу на улице; фон — городская улица с магазинами и украшениями.,показать одежду,True
"https://sun9-61.userapi.com/s/v1/ig2/H2LSoZazIegyHltUF4cWRAH3C0SWj8TQjl8ojrJuJPfm7wqVM_bdcGjgBVf-5fvrzcGDc8xBFUOjS9CfQHsMS3h7.jpg?quality=96&as=32x43,48x64,72x96,108x144,160x213,240x320,360x480,480x640,540x720,640x853,720x960,1080x1440,1280x1707,1440x1920,1620x2160&from=bu&cs=1620x0",457240469,-179988268,2020-09-02 08:48:17,"Полуобзор человека в помещении магазина; держит черный рюкзак перед собой, в кадре видны пол и витрина, на зеркале рядом написано ""Рюкзак - 2350 ₽""",показать рюкзак,True
"https://sun9-58.userapi.com/s/v1/ig1/Jb3POBZuBm7AfE1J_bqocjPgr2KKpYjuaYMTrdvCMG7PUhC03rPSdRIrEOtZAQYq-1wSO72-.jpg?quality=96&as=32x43,48x64,72x96,108x144,160x213,240x320,360x480,480x640,540x720,640x853,720x960,1080x1440,1280x1707,1440x1920,1620x2160&from=bu&cs=1620x0",457239965,-179988268,2019-10-16 18:31:55,"Женщина в магазине делает селфи в полном зеркале, держит красно-коричневую сумку, на фоне витрины с одеждой и светлого пола.",сделать селфи,False
"https://sun9-6.userapi.com/s/v1/if2/O4CLs3qy4zZbzaVwd_Hq2E_Wtp9qUhpdiIKKNCzAZNvZZTJ2uqxySDhUl5pmuFgt_DY7rk9YpleiJUd3KdDQcP6N.jpg?quality=96&as=32x24,48x36,72x54,108x81,160x120,240x180,360x270,480x360,540x405,640x480,720x540,1080x810,1280x960,1440x1080,2560x1920&from=bu&cs=2560x0",305062123,211883514,2013-06-13 12:38:49,"Внутри магазина одежды: витрины и полки с рубашками и галстуками, два желтых кубических пуфика на белой плитке.",показать одежду,False
"https://sun9-25.userapi.com/s/v1/ig2/4OgCCTnriz78Yat5wYzYRv-Hq7_rF_CmSKqHahPCQacaFqJ6eLvX7dC5k6XmfGlDQbA8PBV7Or5fbyHQ300QaJcj.jpg?quality=96&as=32x43,48x64,72x96,108x144,160x213,240x320,360x480,480x640,540x720,640x853,720x960,1080x1440,1280x1707,1440x1920,1620x2160&from=bu&cs=1620x0",457240100,-199296109,2022-11-21 13:44:34,Стойка с монитором на верхушке и бело-черное устройство/гарнитуры на подставке в помещении галереи; на стене вокруг расположены маленькие фотографии.,показать экспонат технологического устройства на выставке,False
"https://sun9-67.userapi.com/s/v1/ig2/hLqjPXPK6j9FPiulL9--hlhBz2qXt1GcWTe8HXbPbG1Q2gQ89Wo0AqubZr5jehEtaWkKP5MnqTOU9UP9nLP3nY63.jpg?quality=95&as=32x43,48x64,72x96,108x144,160x213,240x320,360x480,480x640,540x720,640x853,720x960,1080x1440,1104x1472&from=bu&cs=1104x0",457240497,260152867,2022-09-10 13:22:14,"Двое людей (пожилая женщина и ребёнок) стоят на узкой городской улице под подвешенными красными китайскими фонарями. По сторонам — кирпичные здания и лавки, видны вывески.",показать группу людей на улице под яркими фонарями,True
"https://sun9-64.userapi.com/s/v1/ig2/4O6RJLY-mn-YzJm7bM83o1LJ50RiviSoI2Ler_iIURggRGBBvfsJN5-hbTZ44_UxKJ1QUC2F-Nffe-HLceX9-Ifk.jpg?quality=95&as=32x57,48x85,72x128,108x192,160x284,240x427,360x640,480x853,540x960,640x1138,720x1280,900x1600&from=bu&cs=900x0",457259860,237883497,2022-11-14 16:47:49,"Яркий уличный мурал на стене, изображающий женщину в голубой одежде и красном платье; над сценой висят лампы. Перед стеной стоит человек в черной куртке.",задокументировать городскую сцену,True
"https://sun9-30.userapi.com/s/v1/ig1/NPlY8sNUoqcoQKYmGvBHHwYiayWY8dUNo0PUX5eE77gELp1hmHyYUMp2yj9TzAk73SllKYOT.jpg?quality=96&as=32x32,48x48,72x72,108x108,160x160,240x240,360x360,480x480,540x540,640x640,720x720,1080x1080,1280x1280,1440x1440,2047x2047&from=bu&cs=2047x0",456260464,276032859,2018-05-06 17:07:19,Человек в темной одежде сидит на перилах возле стеклянной стены с граффити.,задокументировать городскую сцену,True
