image_url,уровень восприятия,объект,категория,image,annotation_text_description,annotation_user_intent,annotation_has_feor,первичный сюжет,,
"https://sun9-33.userapi.com/s/v1/if2/rnhSJ1xngG1wBb7rVEiCjseYCuWM30kNK3-xUI88TCXkhg-pXqEjUn6Dek0vRV4fCPtWBD_NJif3sBM1BwQSYiwP.jpg?quality=95&as=32x24,48x36,72x54,108x81,160x120,240x180,360x270,480x360,540x405,640x480,720x540,1080x810,1280x960,1440x1080,1920x1440&from=bu&cs=1920x0",уровень 0. урбанистический фон,ФЕОР снаружи,Урбанистический фон,,"Ночная городская улица: приближающийся автомобиль с яркими бликами фар, мокрый асфальт и снег вдоль обочины",задокументировать городскую сцену,yes,фон городской жизни,,
"https://sun9-56.userapi.com/s/v1/if2/h9LBHKJ_WszmRV9rgMfIR-HL-zFjHarL2HDh-5FcQzHwJOCT5vJWLg5z01zgwFfk3cnl0RG4wcsqsmGT6L2vNke0.jpg?quality=96&as=32x15,48x22,72x34,108x50,160x75,240x112,360x168,480x224,540x252,640x299,720x337,1080x505,1280x598,1440x673,1600x748&from=bu&cs=1600x0",уровень 0. урбанистический фон,ФЕОР снаружи,Урбанистический фон,,Грузовик-крано-установка на городской улице; слева видна часть здания и листья на деревьях над дорогой.,показать строительную технику,yes,фон городской жизни,,
"https://sun9-84.userapi.com/s/v1/ig2/t0btzbtYSn2tW7jwSl1mnxndd1xax4Ss5YdSAoVtE_43IMUDnwkSE0DQsk6olNkKatxLktXedjT-9cTl0aMGyMBx.jpg?quality=95&as=32x43,48x64,72x96,108x144,160x213,240x320,360x480,480x640,540x720,640x853,720x960,1080x1440,1280x1707,1440x1920,1920x2560&from=bu&cs=1920x0",уровень 0. урбанистический фон,ФЕОР снаружи,Урбанистический фон,,Белый микроавтобус на тротуаре возле городского здания; на заднем плане видны высотные здания.,показать городской транспорт на улице,yes,фон городской жизни,,
"https://sun9-15.userapi.com/s/v1/if2/hFDo42nxwxqjuqvxNVMCBYUMdKs4ZROmU4up-E6FWNXQWVpzyCYP5F8BMJjwW7YtYYNiJECK6Atevi3trrGaT3nX.jpg?quality=96&as=32x24,48x36,72x54,108x81,160x120,240x180,360x270,480x360,540x405,640x480,720x540,854x640&from=bu&cs=854x0",уровень 0. урбанистический фон,синагога снаружи,Урбанистический фон,,"Автобус на снеговой улице, вокруг собираются люди; позади видны стеклянные высотки/здания.",показать автобус на городской улице,yes,фон городской жизни,,
"https://sun9-56.userapi.com/s/v1/ig2/CQZp15wpLLaCBEDAgbBLJa0lByGjRpTbyjH218BdivsxwZY3l7EESNXQ1MPIWT9I0Qv1VREfJBsSNwgNSLsiFZVA.jpg?quality=96&as=32x43,48x64,72x96,108x144,160x213,240x320,360x480,480x640,540x720,640x853,720x960&from=bu&cs=720x0",уровень 0. урбанистический фон,синагога снаружи,Урбанистический фон,,"Жёлтый кабриолет на городской улице; впереди тротуар, дороги и фасады зданий, номерной знак автомобиля виден",показать автомобиль на городской улице,yes,,,
"https://sun9-35.userapi.com/s/v1/ig1/Ca-K1tuzFJW7V4fkd-QihjNH_7-J776b6lTPPXQY6diTKYvuM1hjs9ijSb6MYimmP2ARrekl.jpg?quality=96&as=32x43,48x64,72x96,108x144,160x213,240x320,360x480,480x640,540x720,640x853,720x960,1000x1333&from=bu&cs=1000x0",уровень 0. урбанистический фон,синагога снаружи,Урбанистический фон,,"Человек в камуфляжной куртке сидит на офисном кресле в открытом грузовом прицепе, внутри которого лежат и стоят стулья, шкаф, стол, растения и другие предметы мебели.","показать сцену с человеком и грузовиком, набитым мебелью",yes,,,
"https://sun9-78.userapi.com/s/v1/ig2/zoFVj79BipVvIapNp5fsIy6qz34PGkQQlscbuSCIIQr94-UGIRFmbqGvsCPLbbp5UgZ6c7mK8rqVVJZIjtHt6ibu.jpg?quality=95&as=32x57,48x85,72x128,108x192,160x284,240x427,360x640,480x853,540x960,640x1138,720x1280,1080x1920,1280x2276,1440x2560&from=bu&cs=1440x0",уровень 0. урбанистический фон,синагога снаружи,Урбанистический фон,,Человек на переднем плане делает селфи; на фоне видны городские здания и небо,сделать селфи,yes,,,
"https://sun9-78.userapi.com/s/v1/ig1/6VD-agvIsIbjKdU-0R6ptjAaV4FB7sVVGTr7ngZC9nFNgAf5BaTcUWlyuIzOm8vWIURACl3k.jpg?quality=96&as=32x43,48x64,72x96,108x144,160x213,240x320,360x480,480x640,540x720,640x853,720x960,768x1024&from=bu&cs=768x0",уровень 0. урбанистический фон,синагога снаружи,Урбанистический фон,,"Высокое здание с куполообразной верхушкой на городской улице, рядом стоят автомобили и пешеходы; на фоне небо ясно-голубое.",показать здание,yes,,,
"https://sun9-69.userapi.com/s/v1/if2/wSMqfG4Y0NzyhkATZN4F4K9vrvyjdIsjza_qEtGl0sefEauoLrpDo20D1HeZylicKB6jdvFg3LN7iazAlhQ-EDN5.jpg?quality=96&as=32x24,48x36,72x54,108x81,160x120,240x180,360x270,480x360,540x405,640x480,720x540,1080x810,1280x960&from=bu&cs=1280x0",уровень 0. урбанистический фон,синагога снаружи,Урбанистический фон,,"Городской пейзаж сверху: множество многоэтажек с снежными крышами, улицы и переулки между домами, горизонт вдалеке",показать городской пейзаж сверху зимой,yes,,,
"https://sun9-2.userapi.com/s/v1/ig1/jv0dzW0-qU9CplXcNO_5h_bkQmGYKR8P103M8ImqwlUsQw3aw2o31xkmPe5yw6AG8TQG9g.jpg?quality=96&as=32x57,48x85,72x128,108x192,160x284,240x427,360x640,480x853,540x960,640x1138,720x1280,1080x1920,1215x2160&from=bu&cs=1215x0",уровень 0. урбанистический фон,синагога снаружи,Урбанистический фон,,Высокое здание с башенно-куполообразной вершиной на городской улице; перед ним тротуар и прохожие; на первом плане витрины и вывески магазинов.,задокументировать городскую сцену,yes,,,
"https://sun9-8.userapi.com/s/v1/if1/XWYHsTfqTM_MCCIKqfXXW4qwqFT46lF0PvJ2WpbU2fsTYna8NSOK2ZXLoPaFkSwNLjVvmMZp.jpg?quality=96&as=32x18,48x27,72x40,108x61,160x90,240x135,360x202,480x270,540x304,640x360,720x405,1080x607,1280x720,1440x810,2560x1440&from=bu&cs=2560x0",уровень 0. урбанистический фон,синагога снаружи,Урбанистический фон,,"Городской пейзаж: ряд зданий различной высоты под голубым небом; слева и центр — многоэтажки, справа видна купольная башня.",показать городской пейзаж,yes,,,
"https://sun9-19.userapi.com/s/v1/ig2/yjHt98onzETK7_wX7Bk15qdNwW519DavF7gK4YPYHZox7JaK0m-_-fv3lfNM6EUd0YbpQiUeWC937AhOe2q4tWZW.jpg?quality=96&as=32x43,48x64,72x96,108x144,160x213,240x320,360x480,480x640,540x720,640x853,720x960,1080x1440,1200x1600&from=bu&cs=1200x0",уровень 0. урбанистический фон,синагога снаружи,Урбанистический фон,,"Высокое здание с куполообразной башней на улице, рядом современные здания, по тротуару движется транспорт",задокументировать городскую сцену,yes,,,
"https://sun9-74.userapi.com/s/v1/ig2/7bLDUrx1VYyADdw4svtemdW0xNBr1J3Yp4y-ZGuqvwbpPqa6jhN8JmMCH3j3JaMpa1g9G5TGV8XPBVf2tkOS23Zd.jpg?quality=95&as=32x43,48x64,72x96,108x144,160x213,240x320,360x480,480x640,540x720,640x853,720x960,1080x1440,1280x1707,1440x1920,1920x2560&from=bu&cs=1920x0",уровень 1. маскировка,синагога снаружи,Визуальный аттракцион / Городская экзотика,,"Улица рынка в городе: лавки и столики под зонтиками вдоль тротуара, красные фонари над головами; люди сидят и прогуливаются.",показать уличный рынок,yes,дворик / пермский чайна-таун,,
"https://sun9-38.userapi.com/s/v1/if2/WNlbeF5BG8NNG_whK3Urr7mzvuW973hM3LuigoIjbN1th4kY5p_s3Y2qHAFiOgBAbHiLwDuSFS1MIxg7nJsjhjDe.jpg?quality=95&as=32x24,48x36,72x54,108x81,160x120,240x180,360x270,480x360,540x405,640x480,720x540,1080x810,1280x960,1440x1080,2560x1920&from=bu&cs=2560x0",уровень 1. маскировка,синагога снаружи,Визуальный аттракцион / Городская экзотика,,"Узкая городская улица между кирпичными зданиями; над ней висят красные подвесные фонари; слева и справа красная мебель (скамейки и столики); мокрая поверхность улицы, витрины магазинов слева/справа.",показать городскую улицу с декоративной подсветкой,yes,дворик / пермский чайна-таун,,
"https://sun9-35.userapi.com/s/v1/ig2/ic_QNFcYufIsd1HZnJZprRxYxxV6uHHWN8yFVZHLEndlY5lobFVs4ZTpBCdd7eF-Bj1p6Af5fq9d_AoR-qfL_mhs.jpg?quality=95&as=32x71,48x107,72x160,108x240,160x356,240x533,360x800,480x1067,540x1200,640x1422,720x1600,1080x2400,1152x2560&from=bu&cs=1152x0",уровень 1. маскировка,синагога снаружи,Визуальный аттракцион / Городская экзотика,,"Ночная улица; неоновые розово-неоновые вывески Chinatown вдоль фасада кирпичного здания, над входами висят гирлянды фонариков",показать ночной уличный квартал с неоновыми вывесками Chinatown вдоль фасада,yes,дворик / пермский чайна-таун,,
"https://sun9-58.userapi.com/s/v1/ig2/4dCDw0rINUcQ40ELBvDg5FmXMxJzT73AzCrfL8y0jFf0RMcGuvlYXxOjUGQFfuOII96bQpJ_9ccG_Zr-NWoCgYd5.jpg?quality=95&as=32x43,48x64,72x96,108x144,160x213,240x320,360x480,480x640,540x720,640x853,720x960,1080x1440,1200x1600&from=bu&cs=1200x0",уровень 1. маскировка,синагога снаружи,Визуальный аттракцион / Городская экзотика,,"ночная дворика между кирпичными домами, гирлянды и висящие флажки, красная качельная скамья под навесом",показать декоративную уличную сцену,yes,дворик / пермский чайна-таун,,
"https://sun9-56.userapi.com/s/v1/ig2/TfnXqhSnDpBYmoJvzfb-vJF6eVv0rxwbX2E-yCrQ-UfJaSqiAUJE77b6ZtGzCUxmQ79k-02suXv1EZp6JKJgebR-.jpg?quality=95&as=32x43,48x64,72x96,108x144,160x214,240x320,360x480,480x641,540x721,640x854,720x961,1080x1441,1280x1708,1440x1922,1918x2560&from=bu&cs=1918x0",уровень 1. маскировка,синагога снаружи,Визуальный аттракцион / Городская экзотика,,"Красные уличные фонари над красными скамейками; снег на лавках и на земле, кирпичная стена здания с окнами на фоне.",показать декоративные уличные фонари и урбанистическую мебель на улице зимой,yes,дворик / пермский чайна-таун,,
"https://sun9-63.userapi.com/s/v1/ig2/-vcmsTFMEutguG4WTQK4nWYlv1XyjfNs6u6el4gtporKe8-7RiHWECVIk7d91xzUhbLQP-6xoRHv9jtVJ7DwG49G.jpg?quality=95&as=32x43,48x64,72x96,108x144,160x214,240x320,360x480,480x641,540x721,640x854,720x961,1080x1441,1280x1708,1440x1922,1918x2560&from=bu&cs=1918x0",уровень 1. маскировка,синагога снаружи,Визуальный аттракцион / Городская экзотика,,"Улица-аллея с красными фонариками, лавками по бокам, мокрым каменным тротуаром с лужами и снегом; на дальнем плане стена с ярким муралом.",задокументировать городскую сцену,yes,дворик / пермский чайна-таун,,
"https://sun9-53.userapi.com/s/v1/ig2/5SeWTRKreMbI1kpNGqm7GGhg5C5i8Ya1a9Q0xnQfYl7CMe_GKOUrOfVQE2aY5PV39WL4r_yYs51a51syF-gW0BHf.jpg?quality=95&as=32x43,48x64,72x96,108x144,160x213,240x320,360x480,480x640,540x720,640x853,720x960,1080x1440,1280x1707,1440x1920,1920x2560&from=bu&cs=1920x0",уровень 1. маскировка,синагога снаружи,Визуальный аттракцион / Городская экзотика,,"Улица/переулок ночью, украшенный красными фонарями, на мостовой лежит снег; по бокам кирпичные здания и вывески",задокументировать городскую сцену,yes,дворик / пермский чайна-таун,,
"https://sun9-39.userapi.com/s/v1/ig2/URVQQFwtgJtIF1Pc4R1pAkxPpaPb2OPlp5x_aHw8yxCmIpSrsDycK0BoJQr6EFGcEwWfORvJcOuk8CN3mb5iqecM.jpg?quality=95&as=32x38,48x57,72x85,108x128,160x190,240x285,360x427,480x569,540x640,640x759,720x854,1080x1281,1280x1518,1349x1600&from=bu&cs=1349x0",уровень 1. маскировка,синагога снаружи,Визуальный аттракцион / Городская экзотика,,"Уличный переулок ночью, кирпичные стены и неоновая вывеска у входа заведения; вдоль стены висят лампы, прохожих нет.",показать ночной переулок с неоновыми вывесками,yes,дворик / пермский чайна-таун,,
"https://sun9-31.userapi.com/s/v1/ig2/3gqEzZ3_g3WP-Np7GbnHDU24Mx_Jnadnn4jZmTMAVyLF25uo7oGMe0v8BLL-tnhiEPvAc5vFc3_PCDBeC-hRNO97.jpg?quality=95&as=32x43,48x64,72x96,108x144,160x213,240x320,360x480,480x640,540x720,640x853,720x960,1080x1440,1200x1600&from=bu&cs=1200x0",уровень 1. маскировка,синагога снаружи,Визуальный аттракцион / Городская экзотика,,"Уличная торговая аллея с красными китайскими фонариками над тротуаром, лавки и прилавки слева и справа, люди ходят и сидят у магазинов, на верёвке сушатся вещи. Небо видно над крышами.",задокументировать городскую сцену,yes,дворик / пермский чайна-таун,,
"https://sun9-35.userapi.com/s/v1/if2/Wr5SMJ1BIP-eMqrI-VtvKCLm609g1h8U5cUikU2AnJP0SRmapYbWbvJRjMT3g2NnrQgmQpU1VARuMEKFtFRnW9NG.jpg?quality=95&as=32x24,48x36,72x54,108x81,160x120,240x180,360x270,480x360,540x405,640x480,720x540,1080x810,1280x960,1440x1080,1600x1200&from=bu&cs=1600x0",уровень 1. маскировка,синагога снаружи,Визуальный аттракцион / Городская экзотика,,"Уличный двор ресторана/кафе ночью: кирпичные стены по бокам, висящие красные фонари и гирлянды, столики и стулья на брусчатке, вид через открытую ограду",показать вечернюю уличную кафешку,yes,дворик / пермский чайна-таун,,
"https://sun9-53.userapi.com/s/v1/ig2/l-r3zGIujnCpxxCM0e1JTrAxC4-6UOwEoNw9U59K4wqV9UEG8Vqck5bIG_Whq19U7A2pMKIHwANEZapAjnAmoSsd.jpg?quality=95&as=32x43,48x64,72x96,108x144,160x213,240x320,360x480,480x640,540x720,640x853,720x960,1080x1440,1200x1600&from=bu&cs=1200x0",уровень 1. маскировка,синагога снаружи,Визуальный аттракцион / Городская экзотика,,"Улица/аллея между кирпичными зданиями; вдоль улочки висят красные китайские фонари, по сторонам расставлены красные столы и табуреты, отсутствуют люди.",задокументировать городскую сцену,yes,дворик / пермский чайна-таун,,
"https://sun9-24.userapi.com/s/v1/ig2/AZe0T07Da5DFVlcOfMLROYc0Hfs2CnuLb-A1sF-bsJr6jwEUBzepGTXN_sbaK6ExEONXzhX3MgvmG3YaLgDq_yEC.jpg?quality=95&as=32x69,48x104,72x156,108x234,160x347,240x521,360x781,480x1041,540x1172,640x1388,720x1562,1080x2343,1180x2560&from=bu&cs=1180x0",уровень 1. маскировка,синагога снаружи,Визуальный аттракцион / Городская экзотика,,одинокий ребенок стоит на улице под яркими гирляндами и красными фонарями; вокруг red-структура/прилавок и здания по краям,показать ребенка на фоне праздничной улицы,yes,дворик / пермский чайна-таун,,
"https://sun9-27.userapi.com/s/v1/ig2/5VHztNHDI90h1LarEFSb6tpO8PHLK36DkocqgcQPDpACZWj22YqSTYPILntYzMMhojZtSqwcNUy_zlMtFriFPKDQ.jpg?quality=95&as=32x43,48x64,72x96,108x144,160x213,240x320,360x480,480x640,540x720,640x853,720x960,1080x1440,1280x1707,1440x1920&from=bu&cs=1440x0",уровень 1. маскировка,синагога снаружи,Визуальный аттракцион / Городская экзотика,,"Улица с ярмаркой: палатки по обеим сторонам, гирлянды и лампочные фонари над тротуаром, люди ходят между столами и прилавками; здания слева и справа.",задокументировать уличную ярмарку,yes,дворик / пермский чайна-таун,,
"https://sun9-82.userapi.com/s/v1/ig2/k5PHNCC0VPIs4StGfdwA1SZqjkxGI1HM6mUxQiVvXHySK_NXgiVl6yJXja9v29TS3ncADI09rQOB0T-s-wWPFDTd.jpg?quality=95&as=32x71,48x107,72x160,108x240,160x356,240x533,360x800,480x1067,540x1200,640x1422,720x1600&from=bu&cs=720x0",уровень 1. маскировка,синагога снаружи,Визуальный аттракцион / Городская экзотика,,"ночная уличная сцена с висящими красными фонарями и гирляндами, вдоль улицы стоят здания, на земле снег",передать ночную уличную сцену с красными фонарями и гирляндами,yes,дворик / пермский чайна-таун,,
"https://sun9-73.userapi.com/s/v1/ig2/W_uZ5QMeVm702neWUVqKoGMdNBtQvNTMSau7Q7dynSNYgS5s9E5byZvN5BoozLcvd4g6Dr59r2MhoB2vzdNW6FGx.jpg?quality=95&as=32x43,48x64,72x96,108x144,160x213,240x320,360x480,480x640,540x720,640x853,720x960,1080x1440,1280x1707,1440x1920,1920x2560&from=bu&cs=1920x0",уровень 1. маскировка,синагога снаружи,Сцена для самопрезентации,,Женщина в чёрном платье позирует у кирпичной стены с яркими неоновыми вывесками: 'CHINA' и вертикальные китайские символы; над головой висят розовые ленты.,показать человека на фоне неоновых вывесок,yes,дворик / портрет,,
"https://sun9-60.userapi.com/s/v1/ig2/WVGLPi4tsffyuq_xgn3TKnF4xPJTcODqfbeMn5NqFhk5v3IgxrKusjxHqUV0e3e-0TxZcNiHVt0E-eM76VQspWll.jpg?quality=95&as=32x43,48x64,72x96,108x144,160x214,240x321,360x481,480x642,540x722,640x856,720x962,1080x1444,1280x1711,1440x1925,1915x2560&from=bu&cs=1915x0",уровень 1. маскировка,синагога снаружи,Сцена для самопрезентации,,"Улица с яркими красными фонариками и гирляндами, человек в бежевом пальто позирует в центре кадра",показать одежду,yes,,,
"https://sun9-88.userapi.com/s/v1/ig2/6eHr1_2O13Z21op98I7iXwCre-hnHxEGFRwzhEa3Wyz9Yhhii2Wu1E7BdBQ2Q1WqAvH_RHgIC8y4LwuF-33I3tPI.jpg?quality=95&as=32x57,48x85,72x128,108x192,160x284,240x427,360x640,480x853,540x960,640x1138,720x1280,900x1600&from=bu&cs=900x0",уровень 1. маскировка,синагога снаружи,Сцена для самопрезентации,,"Человек в темной куртке и сине-фиолетовой шапке присел в снежном переулке у кирпичной стены; над головой висят гирлянды, на фоне — вывески и огни.",портрет на уличной зимней сцене,yes,,,
"https://sun9-18.userapi.com/s/v1/ig2/ETxU6jRA69qGAeXeEVL2G_MEDnZPzf5wM9Qrodl0_xNVE6SdXc2a2jOo2yTVNlYyII4dNOPmWyMhklFf9z8hh1qs.jpg?quality=95&as=32x43,48x64,72x96,108x144,160x214,240x321,360x481,480x642,540x722,640x855,720x962,1080x1444,1197x1600&from=bu&cs=1197x0",уровень 1. маскировка,синагога снаружи,Сцена для самопрезентации,,"Человек в розовом костюме с длинными волосами позирует на улице; рядом висят красные фонари, неоновые вывески и кирпичная стена.",показать костюм,yes,,,
"https://sun9-77.userapi.com/s/v1/ig2/0YQ92f58fPZLhn7x84hmRXC-TYszwVPQaXoBTemBiisPbNGCHmhHo4v_IigbCbqhrKas5D_R8Wcxoq5XgeHD0xu1.jpg?quality=96&as=32x43,48x64,72x96,108x144,160x214,240x320,360x481,480x641,540x721,640x855,720x961,1080x1442,1280x1709,1342x1792&from=bu&cs=1342x0",уровень 1. маскировка,синагога снаружи,Сцена для самопрезентации,,"Две женщины в пуховиках позируют на улице перед кирпичной стеной, с металлическим ограждением и плиточным полом под ногами.",показать одежду и стиль двух девушек,yes,,,
"https://sun9-47.userapi.com/s/v1/ig2/E3WgwHf5zUeGMdqvkYbmFjUWh2Kl_jOrJJo6rL1qBfJTzbe8N_xyCwMx9Ya081NZamEKtplMFNfMzncTy-H2G7KN.jpg?quality=95&as=32x38,48x57,72x85,108x128,160x190,240x284,360x427,480x569,540x640,640x759,720x853,1080x1280,1280x1517,1350x1600&from=bu&cs=1350x0",уровень 1. маскировка,синагога снаружи,Сцена для самопрезентации,,Девушка в розовом пальто и шляпе позирует у кирпичной стены с окном на улице,показать одежду и образ человека на улице,yes,,,
"https://sun9-6.userapi.com/s/v1/ig2/bhxjNj31VtsufatEmja-prEBC1WrAmAf6uFmbsYA-AgsTmDksAVC7tvZJYxmJ3_CkqZWM4btxQmRvtRNHDFzEB7y.jpg?quality=95&as=32x43,48x64,72x96,108x144,160x213,240x320,360x480,480x640,540x720,640x853,720x960,1080x1440,1280x1707,1440x1920&from=bu&cs=1440x0",уровень 1. маскировка,синагога снаружи,Сцена для самопрезентации,,"Силуэт человека в куртке стоит спиной к камере на улице ночью, возле входа и ограждения; на заднем плане висят красные фонари и огни, слева видны здания с окнами.",задокументировать городскую сцену,yes,,,
"https://sun9-76.userapi.com/s/v1/ig2/tkSLEJCiTCrEJQWrePckw82SAWwI3kJ46jHRtOIQEnnmk6-aZQEfoFjpn4JvFO_8fkSTguOMNJDdAFaQDHB_WzEz.jpg?quality=95&as=32x43,48x64,72x96,108x144,160x213,240x320,360x480,480x640,540x720,640x853,720x960,1080x1440,1280x1707,1440x1920&from=bu&cs=1440x0",уровень 1. маскировка,синагога снаружи,Сцена для самопрезентации,,"Маленькая девочка в розовой одежде стоит на каменной улице у уличного рынка: вокруг видны киоски с красными стойками, навесы и гирлянды, на заднем плане люди за столиками.",сделать портрет ребенка на улице,yes,,,
"https://sun9-79.userapi.com/s/v1/ig2/ooFBAzxuydfP28P9sAYtrwOznUpd-KnG9L9jxGBipeNQJC1jVaBR9KVNpBTJ-AUoMs6o6p1t3WaKLtLlEZJVPcSl.jpg?quality=95&as=32x50,48x75,72x112,108x168,160x249,240x373,360x559,480x746,540x839,640x994,720x1118,1030x1600&from=bu&cs=1030x0",уровень 1. маскировка,синагога снаружи,Сцена для самопрезентации,,Женщина в зимнем пальто и шапке сидит на снегу на улице возле гирлянд.,показать портрет женщины на зимней улице,yes,,,
"https://sun9-60.userapi.com/s/v1/ig2/LWKJbk0XBZoJUz0ooe68JJncWEcvxWhEvFi_iIGKMSzrj7mpTvFavIM52mHsaKYrXbbcnULYs1uazM1mCRdV_s1Q.jpg?quality=95&as=32x43,48x64,72x96,108x144,160x214,240x321,360x481,480x642,540x722,640x855,720x962,1080x1444,1197x1600&from=bu&cs=1197x0",уровень 1. маскировка,синагога снаружи,Сцена для самопрезентации,,Девушка в розовом пальто и военной кепке позирует у кирпичной стены на улице.,показать костюм/одежду,yes,,,
"https://sun9-71.userapi.com/s/v1/ig2/6znylWdL95QAsuxT5kbKDluDVBiQzYOYBU_r4P1qab1gmD_l74dMP-Q0Vmhtj8DcKUlEDTiD1aK0bYI6Y-_czUPk.jpg?quality=95&as=32x43,48x64,72x96,108x144,160x213,240x320,360x480,480x640,540x720,640x853,720x960,1080x1440,1280x1707,1440x1920,1920x2560&from=bu&cs=1920x0",уровень 1. маскировка,синагога снаружи,Сцена для самопрезентации,,"Женщина в бежевом утепленном пуховике с меховой капюшоном на зимней улице; вокруг снег, кирпичная стена, лестница и забор.",показать одежду,yes,,,
"https://sun9-59.userapi.com/s/v1/ig2/E2zTSPlJmTwajI3mXuf5sZEd5livUL8atQ5HzN7v2e9LrZBte_aL9fL8FYOAdRSd52uNmimlVBhzonimoHxYS8hC.jpg?quality=95&as=32x43,48x64,72x96,108x144,160x214,240x321,360x481,480x642,540x722,640x855,720x962,1080x1444,1197x1600&from=bu&cs=1197x0",уровень 1. маскировка,синагога снаружи,Сцена для самопрезентации,,"Женщина в тёмной толстовке и кепке сидит на красных ступенях во дворе города; вокруг висят гирлянды, видны кирпичные стены, столик и стулья; на ступенях лежит чёрная сумка.",показать одежду,yes,,,
"https://sun9-67.userapi.com/s/v1/ig2/hLqjPXPK6j9FPiulL9--hlhBz2qXt1GcWTe8HXbPbG1Q2gQ89Wo0AqubZr5jehEtaWkKP5MnqTOU9UP9nLP3nY63.jpg?quality=95&as=32x43,48x64,72x96,108x144,160x213,240x320,360x480,480x640,540x720,640x853,720x960,1080x1440,1104x1472&from=bu&cs=1104x0",уровень 1. маскировка,синагога снаружи,Сцена для самопрезентации,,"Двое людей (пожилая женщина и ребёнок) стоят на узкой городской улице под подвешенными красными китайскими фонарями. По сторонам — кирпичные здания и лавки, видны вывески.",показать группу людей на улице под яркими фонарями,yes,,,
"https://sun9-70.userapi.com/s/v1/ig2/J0T9KXW6i8C7Hchz0orA8pj2PkSpyrJQnMph7ESmjWqAsV9Dw0DePXgl295W4ej6YxDju8HKqXINwuS_i-d05n5W.jpg?quality=95&as=32x43,48x64,72x96,108x144,160x214,240x321,360x481,480x642,540x722,640x855,720x962,1080x1444,1197x1600&from=bu&cs=1197x0",уровень 1. маскировка,синагога снаружи,Сцена для самопрезентации,,Женщина в розовой униформе с кепкой позирует перед белой кирпичной стеной и яркими красными неоновыми вывесками.,портрет человека в униформе на фоне неоновой вывески,yes,,,
"https://sun9-61.userapi.com/s/v1/ig2/xgx8uuuDX_-E0jZSpGybUjeqgxxfT6eNaXhfYemM8AOcS-b1_brmoNvl_rUEGrXA7xbDf1XW7irfEQ1bZtlFEP3M.jpg?quality=95&as=32x57,48x85,72x128,108x192,160x284,240x427,360x640,480x853,540x960,640x1138,720x1280,900x1600&from=bu&cs=900x0",уровень 1. маскировка,синагога снаружи,Сцена для самопрезентации,,"Человек в черной куртке и шапке позирует на открытой металлической платформе с красными перилами; над головой висят гирлянды из лампочек, позади кирпичная стена, на земле снег",портретный снимок на улице,yes,,,
"https://sun9-42.userapi.com/s/v1/ig2/nl1q5OApRGT63JVbd3C-HxevW7h4-8rH6WmSStKiu02eyC9oET2vh6E33PCfUxQbgcibWQaD7qozegBGJpyB07A6.jpg?quality=95&as=32x43,48x64,72x96,108x144,160x214,240x321,360x481,480x642,540x722,640x855,720x962,1080x1444,1197x1600&from=bu&cs=1197x0",уровень 1. маскировка,синагога снаружи,Сцена для самопрезентации,,Женщина в розовом костюме с шляпой позирует на улице перед кирпичной стеной; на фоне видна неоновая вывеска и красные контейнеры.,показать одежду,yes,,,
"https://sun9-33.userapi.com/s/v1/ig2/Ysm2XVaqjZtRxWDPinz_N-6uQkaYyf-_7Q4DTwfYW1FZzWPicS6v8ygv5xx_-mn3VJjKj3pVSnPS9Z_x7SmS5FEW.jpg?quality=95&as=32x61,48x91,72x137,108x205,160x304,240x456,360x684,480x912,540x1026,640x1216,720x1368,842x1600&from=bu&cs=842x0",уровень 1. маскировка,синагога снаружи,Сцена для самопрезентации,,"Женщина в розовом костюме с широкими рукавами и шляпой позирует на улице; на заднем плане вывески и красные китайские фонари, кирпичная стена и тротуар.",показать костюм/косплей на фоне городской улицы,yes,,,
"https://sun9-9.userapi.com/s/v1/ig2/gqzwL5jtXcvmZ4vy2o3dMqIjF9Y3Rzc9rqaqCNVKDjvhvqdjSBwUfp1ViUMr0gV2xnGef_P_61Yp9bvx_hzV_1_W.jpg?quality=95&as=32x43,48x64,72x96,108x144,160x213,240x320,360x480,480x640,540x720,640x853,720x960,1080x1440,1280x1707,1440x1920,1920x2560&from=bu&cs=1920x0",уровень 1. маскировка,синагога снаружи,Сцена для самопрезентации,,"Женщина в черном пуховике с капюшоном стоит на заснеженной улице; рядом кирпичные стены, здания на заднем плане, над головой навес с гирляндами.",показать портрет человека на улице,yes,,,
"https://sun9-35.userapi.com/s/v1/ig2/DnHPPJNAaHRYZzD19DVmKJxZs6OAuJujMt-SZpmQlYcfPU_rqAUbOy26axnaV_0zG20SIzbpf0aBY2qKXZz3-fJA.jpg?quality=95&as=32x43,48x64,72x96,108x144,160x214,240x321,360x481,480x642,540x722,640x855,720x962,1080x1444,1197x1600&from=bu&cs=1197x0",уровень 1. маскировка,синагога снаружи,Сцена для самопрезентации,,"Девушка в розовом плаще и шляпе стоит у кирпичной стены на улице; на окне подоконник с вазой ярко-розовых цветов, ветви украшены огнями/гирляндами. У неё длинная коса, в руках перчатки.",показать одежду,yes,,,
"https://sun9-49.userapi.com/s/v1/ig2/YJ29iuOXp5mWEZa-hkE0-zz4TdBQugw_k6B61wQZHEtKtR-CwROwQ79MKBUUAuhnC605iDyVx2V8YTwZ-bKIiMNh.jpg?quality=95&as=32x43,48x64,72x96,108x145,160x214,240x321,360x482,480x643,540x723,640x857,720x964,1080x1446,1195x1600&from=bu&cs=1195x0",уровень 1. маскировка,синагога снаружи,Сцена для самопрезентации,,Две женщины в зимних шапках и куртках позируют на улице вечером; фон украшают яркие фонари и вывески магазина.,сделать селфи,yes,,,
"https://sun9-61.userapi.com/s/v1/ig2/XRF5Eq-kWpuEjAKEg37WlwOrzl1TPIm2IxNOLJ18LcW8quc1vYmvqYYe1oJyUbeEOlQTURxvPs9B7qN1DSpBE5lK.jpg?quality=95&as=32x72,48x108,72x162,108x243,160x361,240x541,360x811,480x1082,540x1217,640x1442,710x1600&from=bu&cs=710x0",уровень 1. маскировка,синагога снаружи,Сцена для самопрезентации,,Женщина в розовом военном костюме позирует на улице перед кирпичной стеной; над ней висят красные фонари и вывески.,показать костюм в городском контексте,yes,дворик / портрет,,
"https://sun9-3.userapi.com/s/v1/ig2/fW4ULapW_BGPZUfn21DiXMHz56t9uXC5LZ2dI735di2NW0rOCoH4neIX7py6iT6zKCArCjw3an6Gl0oU6j03x6V4.jpg?quality=95&as=32x43,48x64,72x96,108x144,160x213,240x320,360x480,480x640,540x720,640x853,720x960,1080x1440,1200x1600&from=bu&cs=1200x0",уровень 1. маскировка,синагога снаружи,Сцена для самопрезентации,,"Две женщины сидят за столиком уличного кафе; на столе две миски с едой, кирпичная стена позади; кадр в формате группового портрета.",показать людей за столом в кафе,yes,дворик / портрет,,
"https://sun9-17.userapi.com/s/v1/ig2/lB2PX4B0x_6AENcRnqUzqU3_OJV0G9J6iHCPsZVYsRLhtE7YFznCtHw5r7WNOsXcvvGXQfQd-M-pPeEI4_g9NXEG.jpg?quality=95&as=32x43,48x64,72x96,108x144,160x213,240x320,360x480,480x640,540x720,640x853,720x960,1080x1440,1280x1707,1440x1920,1536x2048&from=bu&cs=1536x0",уровень 1. маскировка,синагога снаружи,Сцена для самопрезентации,,Мужчина в светло-серой куртке позирует перед красной деревянной конструкцией на улице; на фоне снег и кирпичная стена.,портрет человека,yes,дворик / портрет,,
"https://sun9-67.userapi.com/s/v1/ig2/QwuM-QOjGDNLjWyxdyy_p2dK8lr-mrn7_SItoo-3XqEG1xB9u-b2S5mai_mxt7JF5ay8DT7S-orMvTLkSvET1Sj4.jpg?quality=95&as=32x43,48x64,72x96,108x144,160x214,240x321,360x481,480x642,540x722,640x855,720x962,1080x1444,1197x1600&from=bu&cs=1197x0",уровень 1. маскировка,синагога снаружи,Сцена для самопрезентации,,Женщина в розовом костюме и козырьке позирует перед кирпичной стеной с неоновыми вывесками,показать одежду,yes,дворик / портрет,,
"https://sun9-43.userapi.com/s/v1/ig2/U-uu3VXbZ-CcKU0DfIAb1yTyRqt7RTMU2z4xYbj2NOyKZEF696U-XBm4_GFOjQb2a9IcmsBktq2UpzobOPm3tlJW.jpg?quality=95&as=32x43,48x64,72x96,108x144,160x214,240x320,360x480,480x641,540x721,640x854,720x961,1080x1441,1280x1708,1440x1922,1918x2560&from=bu&cs=1918x0",уровень 1. маскировка,синагога снаружи,Сцена для самопрезентации,,"Уличный переулок с кирпичными домами, висят красные фонари и гирлянды, на мокрой от снега мостовой стоит женщина в темном пальто, слева и справа — red-цветные лавки.",сделать уличный портрет,yes,дворик / портрет,,
"https://sun9-49.userapi.com/s/v1/ig2/pRkgF50R0fgVfepo0J3X62r0YgclpftxHqz8X96OjCWbn12VXQfwYlz6dKuSB5F8zaTMuS-bqTr0a8lfBfnx1ncq.jpg?quality=95&as=32x66,48x99,72x149,108x223,160x330,240x495,360x743,480x991,540x1115,640x1321,720x1486,775x1600&from=bu&cs=775x0",уровень 1. маскировка,синагога снаружи,Сцена для самопрезентации,,"Человек в розовом костюме с длинной накидкой держит ветку с цветами на улице; позирует перед кирпичной стеной, над головой висят красные фонари, на заднем плане видны вывески и знак 24ч.",показать костюм,yes,дворик / портрет,,
"https://sun9-45.userapi.com/s/v1/ig2/HJSVUPazSUYBy5HMGjvAtEf0D2NF-BxANCWf7IF8tTPmcVCmDUicBvSlEBDdLxL_yaBa1ftiUBdrPbdjpdEpR39v.jpg?quality=95&as=32x43,48x64,72x96,108x144,160x214,240x321,360x481,480x642,540x722,640x855,720x962,1080x1444,1197x1600&from=bu&cs=1197x0",уровень 1. маскировка,синагога снаружи,Сцена для самопрезентации,,"Женщина в розовом костюме и шляпе позирует на открытой городской площадке; спереди висят ярко-розовые цветы на ветке, на фоне видны кирпичные стены, гирлянды и ограждение.",позирование для портретной съемки,yes,дворик / портрет,,
"https://sun9-83.userapi.com/s/v1/ig2/xktzd9UbhJBE1O3UCiW7nfUVki_fs-l3wmZAWD_tkO2EcO1ZvYgsaWuCW4dekOnLNgtVr5IO1Sl5odwdcmn_Fg9h.jpg?quality=95&as=32x43,48x64,72x96,108x144,160x214,240x321,360x481,480x642,540x722,640x855,720x962,1080x1444,1197x1600&from=bu&cs=1197x0",уровень 1. маскировка,синагога снаружи,Сцена для самопрезентации,,"Женщина в розовом пальто и шляпе стоит рядом с кирпичной стеной, левая рука в перчатке касается стены; на подоконнике — вазон с сухоцветами, рядом окно в старом здании.",показать портрет на фоне городской стены,yes,дворик / портрет,,
"https://sun9-88.userapi.com/s/v1/ig2/Kgr8dGk3eqxXJxl3gfnZFYOQEPpwtH8aXVKP-39EpPglhFGDSedyrV8g1TWHca1cdsGfaXBpNYeDlcMIO2ZJ8EWm.jpg?quality=95&as=32x43,48x64,72x96,108x144,160x213,240x320,360x480,480x640,540x720,640x853,720x960,1080x1440,1280x1707,1440x1920,1920x2560&from=bu&cs=1920x0",уровень 1. маскировка,синагога снаружи,Сцена для самопрезентации,,"Человек в чёрном длинном пуховике с капюшоном стоит спиной к камере на городской улице перед витриной магазина; на улице видны красные гирлянды, вывески на китайском языке, кондиционер и контейнеры-ящики вдоль стены.",показать человека в зимнем пальто на улице,yes,дворик / портрет,,
"https://sun9-82.userapi.com/s/v1/ig2/0TIKqB8XRZvPYjXFh9puYMp-S2uPCjPxGQDDZcKlx_sfDiRfhHdw0LkMS_1iwIq_C8GYjVauroEPR6SU97S4bnQ1.jpg?quality=95&as=32x43,48x64,72x96,108x144,160x213,240x320,360x480,480x640,540x720,640x853,720x960,1080x1440,1266x1688&from=bu&cs=1266x0",уровень 1. маскировка,синагога снаружи,Сцена для самопрезентации,,"Человек слева в кадре, сидит за красным столиком на улице; на столе бутылка соуса и стеклянный стакан; фон — уличная площадь кафе с вывесками и красными фонариками, здания на заднем плане.",задокументировать городскую сцену,yes,дворик / портрет,,
"https://sun9-39.userapi.com/s/v1/ig2/S1INRRtpLdV6cEs6aU1Oz1-HISaF5FJ0bpqluJXROHACFZ5UrGB4HBZHSVa_f1PEXTpGhBiqIZLEDpZd_BKKzJ1C.jpg?quality=95&as=32x43,48x64,72x96,108x144,160x213,240x320,360x480,480x640,540x720,640x853,720x960,1080x1440,1266x1688&from=bu&cs=1266x0",уровень 1. маскировка,синагога снаружи,Сцена для самопрезентации,,Человек стоит посреди узкой городской улицы под яркими красными фонарями; слева и справа — здания и вывески.,портрет на улице,yes,дворик / портрет,,
"https://sun9-78.userapi.com/s/v1/ig2/bSPZpftAiouGpgzxeYCYCQsyL6Op4vnLfL5gK3Jd9QkP_l6rJUOlths4mxMPJNUQm-uWz9nG2be7COZU5wEKKjjD.jpg?quality=95&as=32x43,48x64,72x96,108x144,160x213,240x320,360x480,480x640,540x720,640x853,720x960,1080x1440,1280x1707,1440x1920,1920x2560&from=bu&cs=1920x0",уровень 1. маскировка,синагога снаружи,Сцена для самопрезентации,,"Человек в черном костюме стоит на ярко-красной стене с плакатами слева; на улице, рядом с красной скамейкой/подиумом и тротуарной плиткой.",показать одежду,yes,дворик / портрет,,
"https://sun9-80.userapi.com/s/v1/ig2/qRItAz9jtj-70iAJ_GRjmjTZQrry2kM3XgmIxxC-Ileh2edhkBzixN5N-Albf8QMlPzs3clDEMyGrG42zsy-6L31.jpg?quality=95&as=32x43,48x64,72x96,108x144,160x213,240x320,360x480,480x640,540x720,640x853,720x960,1080x1440,1280x1707,1440x1920,1920x2560&from=bu&cs=1920x0",уровень 1. маскировка,синагога снаружи,Сцена для самопрезентации,,"Женщина сидит на красной уличной качели у кирпичной стены, на тротуаре.",сделать портрет на улице,yes,дворик / портрет,,
"https://sun9-62.userapi.com/s/v1/ig2/6AftXknwq-KKHENcFlDEf8i16zb3yKd_BshI5bLc5WTCToKsS95Iddg_xPKZbwY4iTNDoHbOjih6tDJr7POjFHGT.jpg?quality=95&as=32x57,48x85,72x128,108x192,160x284,240x427,360x640,480x853,540x960,640x1138,720x1280,900x1600&from=bu&cs=900x0",уровень 1. маскировка,синагога снаружи,Сцена для самопрезентации,,"Женщина в черной куртке и шапке стоит у кирпичной стены возле магазина; на стене кондиционер, слева витрина, рядом красные пластиковые ящики.",портрет на улице,yes,дворик / портрет,,
"https://sun9-3.userapi.com/s/v1/ig2/abJHbHqZ1mQnmj0sZgqVLE24MUU6GRJpBXABTW5dJecdZplQBU_7Iq2bjkmOQMoeNKVwzFRFkIa1QwqUH1zstBTV.jpg?quality=95&as=32x43,48x64,72x96,108x144,160x214,240x320,360x480,480x641,540x721,640x854,720x961,1080x1441,1280x1708,1440x1922,1918x2560&from=bu&cs=1918x0",уровень 1. маскировка,синагога снаружи,Сцена для самопрезентации,,Уличная аллея между кирпичными домами: на мокрой после снега кирпичной мостовой стоят красные столы и скамейки. Над прогулочной зоной висят гирлянды с красными фонариками. Впереди идёт женщина в чёрном пальто; вокруг — здания и снежная подложка.,задокументировать городскую сцену,yes,дворик / портрет,,
"https://sun9-75.userapi.com/s/v1/ig2/uEuCQ8umRkRyuxSj2FUXSsuCCPojpZ9U_wlm8m3fMvBXkuFYatKUws2Iqm6diamaIeLdZN41sWE7AOVVCEW-5fwi.jpg?quality=95&as=32x43,48x64,72x96,108x144,160x214,240x320,360x480,480x641,540x721,640x854,720x961,1080x1441,1280x1708,1440x1922,1918x2560&from=bu&cs=1918x0",уровень 1. маскировка,синагога снаружи,Сцена для самопрезентации,,"Человек в черном пальто стоит во дворе/улице с красными скамейками и гирляндами над головой, на мокрой мостовой с небольшим снегом; вокруг кирпичные стены зданий.",задокументировать городскую сцену,yes,дворик / портрет,,
"https://sun9-79.userapi.com/s/v1/ig2/yBKJWLUd4pg9X37CkmTAXx3YpDQZeTuAY3r_2pMTaLZMiRqQSdm1cL48YBvpwn8ORtNWVKoXjbjosJO7KJ4QE1nY.jpg?quality=95&as=32x43,48x64,72x96,108x144,160x214,240x321,360x481,480x642,540x722,640x855,720x962,1080x1444,1197x1600&from=bu&cs=1197x0",уровень 1. маскировка,синагога снаружи,Сцена для самопрезентации,,"Женщина в розовом пальто и шляпе стоит у кирпичной стены возле окна, на подоконнике цветы. На переднем плане — фактура кирпича и окно.",показать одежду,yes,дворик / портрет,,
"https://sun9-29.userapi.com/s/v1/ig2/bvj_HwNweOd9Xm2xbdEcWM50wna0AYGwlvxbVZIdqmMmB_yhUFc8VZoVDr_YFs7BeC8HZG4H3zjwA7MSM2xNGAvU.jpg?quality=95&as=32x43,48x64,72x96,108x144,160x213,240x320,360x480,480x640,540x720,640x853,720x960,1080x1440,1280x1707,1440x1920,1920x2560&from=bu&cs=1920x0",уровень 1. маскировка,синагога снаружи,Сцена для самопрезентации,,Двое людей в куртках стоят у кирпичной стены под красной неоновой вывеской с символами; ночь.,задокументировать городскую сцену,yes,,,
"https://sun9-62.userapi.com/s/v1/ig2/b4k8mkVMe4D-BtSkHOjxyOyxAnSK5ySFbbN_mlOKHiX1H4Tm3K8AkTg-u0cw6cQSbrvoFxVYJd8O-48OdpHAF1K2.jpg?quality=95&as=32x57,48x85,72x128,108x192,160x284,240x426,360x639,480x852,540x959,640x1136,720x1278,1080x1917,1280x2272,1440x2556,1442x2560&from=bu&cs=1442x0",уровень 1. маскировка,синагога снаружи,Сцена для самопрезентации,,"Женщина в светлом пуховом пальто и шарфе стоит на пешеходной улице, украшенной красными фонариками. По обе стороны — кирпичные здания, слева стоят красные столики и стулья, над улицей висят провода. Небо голубое, день.",показать одежду,yes,,,
"https://sun9-79.userapi.com/s/v1/ig2/yJ3LLDo12-H-NP4gai-3cRVfeHza7W1GB5W6p9UZ8K3-h4WCsnmTAHkP5Cg7jbabnAGdTqI74v5YARo_91C8FAO0.jpg?quality=95&as=32x43,48x64,72x96,108x144,160x213,240x320,360x480,480x640,540x720,640x853,720x960,1080x1440,1280x1707,1440x1920,1920x2560&from=bu&cs=1920x0",уровень 1. маскировка,синагога снаружи,Сцена для самопрезентации,,Женщина в длинной черной зимней куртке с меховой капюшоном стоит на улице перед витриной магазина с красными декоративными элементами.,показать одежду,yes,дворик / портрет,,
"https://sun9-75.userapi.com/s/v1/ig2/8XzBD1fUD3959-z_ub5kugWFWD-6WVgXoggs_83JAJHKWQLdK9f3lO_A3O_Xc3Kam3xatPx9RHiGqI4YdMp83IBk.jpg?quality=95&as=32x43,48x64,72x96,108x144,160x214,240x320,360x480,480x641,540x721,640x854,720x961,1080x1441,1280x1708,1440x1922,1918x2560&from=bu&cs=1918x0",уровень 1. маскировка,синагога снаружи,Сцена для самопрезентации,,"Один человек в черном пальто идёт по узкой мокрой кирпичной улице, сверху висят красные фонари и гирлянды; слева красные скамейки, по сторонам здания, снег на краях тротуара.",задокументировать городскую сцену,yes,дворик / портрет,,
"https://sun9-52.userapi.com/s/v1/ig2/sGw3bjP9mtSJZiTDlu13w4DAikJCYI5MdebTir88tjI0tfGaJEV5s6WNFzMDaD9A2IBDQeplwk_nOQHZLBzTkMPn.jpg?quality=95&as=32x43,48x64,72x96,108x144,160x213,240x320,360x480,480x640,540x720,640x853,720x960,1080x1440,1280x1707,1440x1920,1920x2560&from=bu&cs=1920x0",уровень 1. маскировка,синагога снаружи,Сцена для самопрезентации,,"Женщина в черной пуховике с меховым капюшоном стоит на улице возле витрины магазина; вокруг висят красные декоративные ленты, на фоне кирпичной стены и вывесок.",показать зимнюю одежду,yes,дворик / портрет,,
"https://sun9-78.userapi.com/s/v1/ig2/G4zWlynY5w4VSa5gOA3H7fL-gv-IhzsrTuLKXKfg1xrhlOc7JSBJwhlFtpuxxVxVbcw35Ppgdg1h-NAnLexnW3cb.jpg?quality=95&as=32x43,48x64,72x96,108x144,160x213,240x320,360x480,480x640,540x720,640x853,720x960,1080x1440,1280x1707,1440x1920,1920x2560&from=bu&cs=1920x0",уровень 1. маскировка,синагога снаружи,Сцена для самопрезентации,,"Женщина в длинном черном пуховике с меховым воротником стоит на улице в снегу, позирует к камере; на заднем плане — темный вход в туннель/гараж и кирпичные стены.",показать одежду,yes,дворик / портрет,,
"https://sun9-50.userapi.com/s/v1/ig2/EDtgCGmCSimK7LeVIU5B7PTfm3dk0ajo0S2cmQPZ5aQCUpyEQBAzi4aP5SWOSKETCQT-2j4ScZ4e2Ao_cpRpIg4x.jpg?quality=95&as=32x43,48x64,72x96,108x144,160x214,240x321,360x481,480x642,540x722,640x855,720x962,1080x1444,1197x1600&from=bu&cs=1197x0",уровень 1. маскировка,синагога снаружи,Сцена для самопрезентации,,"Человек в розовом длинном плаще и красной кепке позирует на улице, показывая жесты обеими руками; на фоне кирпичной стены с неоновой вывеской и красными ящиками.",показать костюм на улице,yes,дворик / портрет,,
"https://sun9-64.userapi.com/s/v1/ig2/4O6RJLY-mn-YzJm7bM83o1LJ50RiviSoI2Ler_iIURggRGBBvfsJN5-hbTZ44_UxKJ1QUC2F-Nffe-HLceX9-Ifk.jpg?quality=95&as=32x57,48x85,72x128,108x192,160x284,240x427,360x640,480x853,540x960,640x1138,720x1280,900x1600&from=bu&cs=900x0",уровень 1. маскировка,синагога снаружи,Сцена для самопрезентации,,"Яркий уличный мурал на стене, изображающий женщину в голубой одежде и красном платье; над сценой висят лампы. Перед стеной стоит человек в черной куртке.",задокументировать городскую сцену,yes,,,
"https://sun9-53.userapi.com/s/v1/ig2/aXFVuV3oBpJ4rEqncDVRolQjZU73pLUhwM_qjrYnltlzOC1oblNl30bBZAot-PrreUO-pkCEqdeNzIG3_eV60zMm.jpg?quality=95&as=32x43,48x64,72x96,108x144,160x213,240x320,360x480,480x640,540x720,640x854,720x960,1080x1440,1280x1707,1440x1921,1690x2254&from=bu&cs=1690x0",уровень 2. утилитарность,синагога внутри,Коммерческая экосистема,,"Крупный план лица молодой женщины, светлый макияж, зелёная кофта (капюшон), нейтральное освещение",сделать селфи,,,,
"https://sun9-77.userapi.com/s/v1/ig2/ReAVvFp6ZmJfJ4HsSNdUjOniOB9qWwLM8lVYbnrlEIpsakW3_tTOJufcXstk9QVVPsmZWdq9i7VijH9DL1XYd3E5.jpg?quality=95&as=32x43,48x64,72x96,108x144,160x213,240x320,360x480,480x640,540x720,640x853,720x960,1080x1440,1280x1707,1440x1920,1920x2560&from=bu&cs=1920x0",уровень 2. утилитарность,синагога внутри,Коммерческая экосистема,,"Женщина в салоне красоты, боковой профиль, ухоженные волосы, вокруг кресло и зеркало",показать прическу,,,,
"https://sun9-74.userapi.com/s/v1/ig2/8Uu7x0pJMaXd6XGhyCgQolurecF7WdyB0RYyDz0YdFZKziYVCO9G3Km1VI3YqVsJLDv8saJqJIRRE5ll3umgGE13.jpg?quality=95&as=32x43,48x65,72x97,108x145,160x215,240x323,360x484,480x646,540x726,640x861,720x968,1080x1453,1280x1722,1440x1937,1840x2475&from=bu&cs=1840x0",уровень 2. утилитарность,синагога внутри,Коммерческая экосистема,,"Два человека делают селфи в помещении: женщина в очках в черной футболке и джинсах, мужчина в черной футболке и джинсах, оба улыбаются и протягивают руки к камере.",сделать селфи,,,,
"https://sun9-67.userapi.com/s/v1/if2/WUPtJPVyZ8nP6KmTah6Y2AoAN6JmjdTtF-gsf_owKMQhYLWzhhQdVSFPtvsDcxAsQ1RJr3BP6bR8CaPzhUf181JN.jpg?quality=95&as=32x24,48x36,72x54,108x81,160x120,240x180,360x270,480x360,540x405,640x480,720x540,1080x810,1280x960,1440x1080,2560x1920&from=bu&cs=2560x0",уровень 2. утилитарность,синагога внутри,Коммерческая экосистема,,"Группа из пяти людей позирует внутри перед стеной с яркой розовой неоновой надписью 'VIRUS'. На стене фотографии/картины, пол виден в кадре.",показать группу людей перед неоновой надписью,,,,
"https://sun9-74.userapi.com/s/v1/ig2/hbju1fFx_BoGbrq-HMHi3TUy4686UwAmLsUNwh3IEBbonWWvFJspzGu6hvI8DJZTGQlzhghJwwESylQcpxcFSple.jpg?quality=96&as=32x43,48x64,72x96,108x144,160x213,240x320,360x480,480x640,540x720,640x853,720x960,1080x1440,1280x1707,1440x1920,1620x2160&from=bu&cs=1620x0",уровень 2. утилитарность,синагога внутри,Коммерческая экосистема,,"VR-шлем на стойке с монитором в помещении; кабели свисают к полу, на стене много маленьких фото; деревянный пол.",показать товар,,,,
"https://sun9-25.userapi.com/s/v1/ig2/4OgCCTnriz78Yat5wYzYRv-Hq7_rF_CmSKqHahPCQacaFqJ6eLvX7dC5k6XmfGlDQbA8PBV7Or5fbyHQ300QaJcj.jpg?quality=96&as=32x43,48x64,72x96,108x144,160x213,240x320,360x480,480x640,540x720,640x853,720x960,1080x1440,1280x1707,1440x1920,1620x2160&from=bu&cs=1620x0",уровень 2. утилитарность,синагога внутри,Коммерческая экосистема,,Стойка с монитором на верхушке и бело-черное устройство/гарнитуры на подставке в помещении галереи; на стене вокруг расположены маленькие фотографии.,показать экспонат технологического устройства на выставке,,,,
"https://sun9-2.userapi.com/s/v1/ig2/fkGQ-OjZJ6-7I7Bd8iPp_NR04LT1graxrzQfMOmZYu6L61Zi5R1LHn0XslR51MUqEFo6RfEZ7qtT8gLLhYtpbczh.jpg?quality=95&as=32x43,48x64,72x96,108x144,160x213,240x320,360x480,480x640,540x720,640x853,720x960,1080x1440,1280x1707,1440x1920,1920x2560&from=bu&cs=1920x0",уровень 2. утилитарность,синагога внутри,Коммерческая экосистема,,Женщина в светлом пуховике с большим меховым воротником позирует перед камерой,показать одежду,,,,
"https://sun9-33.userapi.com/s/v1/ig2/zm-bbx2-yQuVkRbHTjTfD4W3q_CukliGAOAsgi5pACCH3z8DrtxaF43fL_WNu2X9G73cg5yrKOoH9q2Zbp3yjHwB.jpg?quality=95&as=32x43,48x64,72x96,108x144,160x213,240x320,360x480,480x640,540x720,640x853,720x960,1080x1440,1280x1707,1440x1920,1920x2560&from=bu&cs=1920x0",уровень 2. утилитарность,синагога внутри,Коммерческая экосистема,,Женщина в бежевом длинном пуховике с меховой опушкой капюшона стоит на заснеженной улице,показать зимнюю одежду,,,,
"https://sun9-11.userapi.com/s/v1/ig2/Tq2oB9mPSwtMAWRWQtmMOHQE2uQAfgrC7jH54KAlA4OhqCNimP81Vs29ujiQ77yr8aO17mZ4Qc9UjfBfYIYNQuIx.jpg?quality=95&as=32x43,48x64,72x96,108x144,160x213,240x320,360x480,480x640,540x720,640x853,720x960,1080x1440,1280x1707,1440x1920,1920x2560&from=bu&cs=1920x0",уровень 2. утилитарность,синагога внутри,Коммерческая экосистема,,Женщина в черном пуховике на снегу на улице; фон — городская улица с магазинами и украшениями.,показать одежду,,,,
"https://sun9-1.userapi.com/s/v1/ig1/_19WV_Ge_ofqXhsBDlnjrGjmN_EnbSg0CeADiCBwS9suZDFiUbWdrDpjDV_w-Yb7pZGR-qkF.jpg?quality=96&as=32x32,48x48,72x72,108x108,160x160,240x240,360x360,480x480,540x540,640x640,720x720,1080x1080,1280x1280,1440x1440,1499x1499&from=bu&cs=1499x0",уровень 2. утилитарность,синагога внутри,Коммерческая экосистема,,"Крупный план руки с маникюром: ногти тёпло-розового и золотистого градиента, блестящее покрытие; на изображении белый текст «РАБОТА УЧЕНИЦЫ» и «WHITE ROSE STUDIO PERM»",показать маникюр как услугу,,,,
"https://sun9-37.userapi.com/s/v1/ig1/nraF09sMTRE2asF37hqdNiwmm6x8XzEbnkF_BNFCah3TbMpqFNtwIG42xALsi8q4XCfL5Lf_.jpg?quality=96&as=32x32,48x48,72x72,108x108,160x160,240x240,360x360,480x480,540x540,640x640,720x720,1080x1080,1230x1230&from=bu&cs=1230x0",уровень 2. утилитарность,синагога внутри,Коммерческая экосистема,,"Крупный план ногтей на пальцах руки с маникюром, на фоне видны надписи «РАБОТА УЧЕНИЦЫ» и «WHITE_ROSE_STUDIO_PERM»",показать маникюр и работу ученицы,,,,
"https://sun9-74.userapi.com/s/v1/ig2/OzMO5cBcMCKicJcKAVJ1b7mXJapeIX6IZeyPUMG6gjZI4J1H7rbSK3GTizdaKcswe729YIq0Ri9lokSQYaeTHHa9.jpg?quality=95&as=32x57,48x85,72x128,108x192,160x284,240x427,360x640,480x853,540x960,640x1138,720x1280,1080x1920,1280x2276,1440x2560&from=bu&cs=1440x0",уровень 2. утилитарность,синагога внутри,Коммерческая экосистема,,"Крупный план руки с ярко-оранжевым маникюром; ногти блестящие, фон размытый",показать маникюр,,,,
"https://sun9-45.userapi.com/s/v1/if1/O3OsfOYJ-UsBUfTkkzQxqERjoJzyxbHrQMLludt8e4EnfCmj-Ew8-Hy9Qg_HekxvX0sDUNk6.jpg?quality=96&as=32x25,48x38,72x56,108x85,160x125,240x188,360x282,480x376,540x423,640x502,720x565,1080x847,1280x1004,1440x1129,2172x1703&from=bu&cs=2172x0",уровень 2. утилитарность,синагога внутри,Коммерческая экосистема,,"Плоская композиция на светлом деревянном столе: ярко оформленная банка Like Honey и маленькая банка мёда в гнезде из соломы, рядом упакованная коробка и деревянная ложка.",показать товар,,,,
"https://sun9-16.userapi.com/s/v1/ig1/GT5N1QhzTP5kXUC6esBAdoDVaUVpSz5xYZrjNLkjIs4FBtoYfKKM8GEXpzBOO2MQMeU4k2iV.jpg?quality=96&as=32x40,48x60,72x90,108x135,160x200,240x300,360x449,480x599,540x674,640x799&from=bu&cs=640x0",уровень 2. утилитарность,синагога внутри,Коммерческая экосистема,,Плакат на стене с расписанием работы мастера депиляции и ламинирования ресниц,показать график работы мастера депиляции и ламинирования ресниц,,,,
"https://sun9-69.userapi.com/s/v1/ig1/VZko8uI8XDWwvRCiBKhG1u3a9OhVDNOGe-Jm3cuvO-3-TKXUwGjQZVPwEmWJoRZR7IUd6xcC.jpg?quality=96&as=32x57,48x85,72x128,108x192,160x284,240x427,360x640,480x853,540x960,640x1138,720x1280&from=bu&cs=720x0",уровень 2. утилитарность,синагога внутри,Коммерческая экосистема,,Женщина в длинном светло-сером меховом пальто позирует у витрины магазина на улице; на витрине видна надпись 'New collection Winter 2019-2020'.,показать меховую шубу,,,,
"https://sun9-7.userapi.com/s/v1/ig1/DZs4h0UksqkSuF7Uxm-SNTiuRdI_0peoLV5QViurMgilMXqUK0VmMJmZAC9srJBqevxH5O4w.jpg?quality=96&as=32x43,48x64,72x96,108x144,160x214,240x320,360x481,480x641,540x721,640x855,719x960&from=bu&cs=719x0",уровень 2. утилитарность,синагога внутри,Коммерческая экосистема,,Женщина в черной кофте позирует в помещении перед белой стеной; слева заметны крупные бумажные цветы.,показать портрет человека,,,,
"https://sun9-17.userapi.com/s/v1/ig1/PjEtY4miQ0bEIopLkBJWPT4Rw0cobNhaA7Wy7aYnoVQc9owFiYkTx8VBgZPbI5Zg7VV96KKr.jpg?quality=96&as=32x43,48x64,72x96,108x144,160x214,240x320,360x481,480x641,540x721,640x855,719x960&from=bu&cs=719x0",уровень 2. утилитарность,синагога внутри,Коммерческая экосистема,,"Женщина стоит в помещении перед гигантскими декоративными цветами: розовое и белое цветочные фигуры на зеленой опоре; она одета в черную кожаную куртку, розовую мини-юбку, темные колготки и высокие сапоги. Позирует в легком ракурсе слева от камеры.",показать одежду,,,,
"https://sun9-76.userapi.com/s/v1/if2/o6Cj2wJsieQVe9gWWrwRslPyzzkdAobBZppG_Swxol1AIX--VGy8agSiEJkrbeRGmzz4Q0A4lJsHPo1vOAkVtNpp.jpg?quality=96&as=32x18,48x27,72x41,108x62,160x92,240x137,360x206,480x275,540x309,640x367,720x412,915x524&from=bu&cs=915x0",уровень 3. музей,ФЕОР снаружи,Архитектурная доминанта / Наследие,,"Уличное здание с фасадом и окнами; вдоль тротуара идёт человек, вокруг деревья.",показать здание на улице,yes,исторический облик,,
"https://sun9-25.userapi.com/s/v1/ig2/g1rO5kYl3SRAFqpB2ihcDRE5rhYQJ_7L4PgSEE-qjTIZiiUnyl_co03NJ8ZOFfrctgjFxE2Bkf3D1n73WzJ9o44G.jpg?quality=95&as=32x43,48x64,72x96,108x144,160x213,240x320,360x480,480x640,540x720,640x853,720x960,1080x1440,1200x1600&from=bu&cs=1200x0",уровень 3. музей,ФЕОР снаружи,Архитектурная доминанта / Наследие,,"Красное здание с большими окнами, частично закрыто зеленью дерева",показать здание,yes,фасад,,
"https://sun9-16.userapi.com/s/v1/ig1/PzYLAgz20fPA_J9hf4OWfYx94au4i9w-pXb0nd8h5Y0ba05agHRNxa6BDIbgdaNPUIV31mva.jpg?quality=96&as=32x43,48x64,72x96,108x144,160x214,240x320,360x481,480x641,540x721,640x855,719x960&from=bu&cs=719x0",уровень 3. музей,ФЕОР снаружи,Архитектурная доминанта / Наследие,,"Красное старое здание на улице зимой, ступени у входа, дверь и окна на фасаде, снег на тротуаре и вдоль дороги, фонарь слева, соседнее здание на фоне",показать старое здание,yes,фасад,,
"https://sun9-3.userapi.com/s/v1/ig2/0mI5qjopLTc7cxDlettTzUNmyWlAHSu8iht_AZrDtApUE533stDOE-iAdxGw9UoZKotOme0Quf7BnZyiL-v6_rXk.jpg?quality=95&as=32x43,48x64,72x96,108x144,160x213,240x320,360x480,480x640,540x720,640x853,720x960,1080x1440,1200x1600&from=bu&cs=1200x0",уровень 3. музей,ФЕОР снаружи,Архитектурная доминанта / Наследие,,"Потёртый розово-красный фасад старого здания по улице, вход через арку и дверь с ступенями перед ним; слева дерево, справа припаркованный автомобиль",показать фасад старого здания,yes,фасад,,
"https://sun9-32.userapi.com/s/v1/ig2/K-Ecm0-z3p28PhqARHzSDRf81WKo1t2-GwpSaz3OGuYVz7ajv9vb3tcZmh3Kp6vG9uLyRrX69Xj99inkyddcTkBp.jpg?quality=95&as=32x43,48x64,72x96,108x144,160x213,240x320,360x480,480x640,540x720,640x853,720x960,1080x1440,1200x1600&from=bu&cs=1200x0",уровень 3. музей,ФЕОР снаружи,Архитектурная доминанта / Наследие,,"Фасад старого красного здания с арочным входом и деревянной дверью; окна по бокам, декоративные детали над входом; сверху свисает зелень.",показать фасад здания,yes,фасад,,
"https://sun9-38.userapi.com/s/v1/if1/lWGgkTQVgDYfhLReaJ138H1Ln65NeFZ5YALnJFCGkO7aDrWYrGo_FBI6rhkbEvB7VS_yfzM-.jpg?quality=96&as=32x21,48x31,72x47,108x70,160x104,240x156,360x234,480x312,540x351,640x416,690x449&from=bu&cs=690x0",уровень 3. музей,синагога снаружи,Архитектурная доминанта / Наследие,,"Старая улица: слева крупное двухэтажное кирпичное здание с башнеобразной частью на углу, впереди припаркован автомобиль; по обеим сторонам улица с деревьями без листвы; вдали проходят люди.",задокументировать городскую сцену,yes,исторический облик,,
"https://sun9-21.userapi.com/s/v1/if2/m4XBKKbVIvv3yissJF0YI70Oyuo39In38exzS3CdD6Fi8EUHcU9Zr0GwM7_KIjPAHqxpFGOKFYfLeyn5eq4DM4XE.jpg?quality=95&as=32x21,48x31,72x47,108x71,160x105,240x157,360x236,480x315,540x354,640x419,720x472,972x637&from=bu&cs=972x0",уровень 3. музей,синагога снаружи,Архитектурная доминанта / Наследие,,"Улица с зданием на переднем плане слева; несколько автомобилей припаркованы вдоль дороги, голые деревья и мокрая поверхность улицы",показать городскую архитектуру,yes,исторический облик,,
"https://sun9-11.userapi.com/s/v1/if2/vVj5obVFowFLSAflc_OeelpqEZkc_ZmUo6aHNdUU_VGTxpom8qZD8vY6lI_MZowPI8sQyH93M2fjgJznIqWmyCfz.jpg?quality=95&as=32x24,48x36,72x54,108x81,160x120,240x180,360x270,480x360,540x405,640x480,720x540,1080x810,1280x960&from=bu&cs=1280x0",уровень 3. музей,синагога снаружи,Архитектурная доминанта / Наследие,,"Жёлтое деревянное здание на улице в снегу, перед ним припаркованы автомобили; вокруг многоэтажные дома",показать фасад здания,yes,фасад,,
"https://sun9-20.userapi.com/s/v1/ig2/am-7IRMgOa0KtEoddfHeUS5c9h3qeJQff7RCxoLPBBZ0sM5nitV85tZAaBLZo8VI-YSdaUcY7aYMP0MEgJodCtbc.jpg?quality=95&as=32x32,48x48,72x72,108x108,160x160,240x240,360x360,480x480,540x540,640x640,720x720,1080x1080,1280x1280,1440x1440,1560x1560&from=bu&cs=1560x0",уровень 3. музей,синагога снаружи,Архитектурная доминанта / Наследие,,Двухэтажный светло-бежевый фасад старого здания на переднем плане; за ним высокий современный темно-синий небоскрёб,показать фасад здания,yes,фасад,,
"https://sun9-10.userapi.com/s/v1/ig1/emPjVWX3QDTZvnNC8CXNKHDs3wNvdrO39Dra0wA7Ud3eKG5qd8kGyiCs59UzxdiD3j35FpIi.jpg?quality=96&as=32x43,48x64,72x96,108x144,160x213,240x320,360x480,480x640,540x720,640x853,720x960,1008x1344&from=bu&cs=1008x0",уровень 3. музей,синагога снаружи,Архитектурная доминанта / Наследие,,"Городской пейзаж вдоль улицы: передний план — желто-оранжевое здание с серой крышей, далее многочисленные здания и парковка, на фоне небо с облаками",задокументировать городской пейзаж,yes,часть городского пейзажа / фасад,,
"https://sun9-59.userapi.com/s/v1/ig2/T_kig5rsakH1ENqiX1oSz5rvqm5b0bQWYqIQUsE7Gr3XuR2sSREGO7MBxzaWSLIzh-5qswU2IhwSYXGM3KYw2VZG.jpg?quality=95&as=32x32,48x48,72x72,108x108,160x160,240x240,360x360,480x480,540x540,640x640,720x720,1080x1080,1280x1280,1440x1440,1560x1560&from=bu&cs=1560x0",уровень 3. музей,синагога внутри,Культурный туризм,,Интерьер: на переднем плане несколько стопок толстых переплетённых книг с надписью TORAH; слева частично виден музыкальный инструмент; на фоне окно с растениями.,показать интерьер с книжной коллекцией,,,,
"https://sun9-44.userapi.com/s/v1/ig2/-Kghwr-RBL924zaZbZeBEV77wNsi89Lia-FZ9ytS70iv698y3q5XO8Xah2k7oKpbQlDturjWWHzeeGcINrLVzhw5.jpg?quality=95&as=32x32,48x48,72x72,108x108,160x160,240x240,360x360,480x480,540x540,640x640,720x720,1080x1080,1280x1280,1440x1440,1560x1560&from=bu&cs=1560x0",уровень 3. музей,синагога внутри,Культурный туризм,,"Интерьер помещения с массивной деревянной балюстрадой спереди, на заднем плане резной шкаф и светильники на стойках; потолочные панели.",задокументировать интерьер помещения,,,,
"https://sun9-3.userapi.com/s/v1/ig2/YcXJqOHNMeowIXfJffP39xvS8avsMyu8FdrfciqQle3AJ1abC-n-onICuE0jtnKj4VwJqVfNKxsJiE-BnLosHX-2.jpg?quality=95&as=32x32,48x48,72x72,108x108,160x160,240x240,360x360,480x480,540x540,640x640,720x720,1080x1080,1280x1280,1440x1440,1560x1560&from=bu&cs=1560x0",уровень 3. музей,синагога внутри,Культурный туризм,,Уголок внутри помещения: декоративная ткань/скатерть с рисунком и надписью лежит под стеклянной поверхностью; сверху видны зелёные листья растения,показать декоративную ткань,,,,
"https://sun9-62.userapi.com/s/v1/ig2/vzd93n96Uhwwn9uoo1QP4VQ95ps6oy1LMN2-IezHGfvRWdY4oev6Axi-RfAa5EYxpjagVVpmIobzVM0Puh4Evsb0.jpg?quality=95&as=32x43,48x64,72x96,108x144,160x213,240x320,360x480,480x640,540x720,640x853,720x960,1080x1440,1280x1707,1440x1920&from=bu&cs=1440x0",уровень 3. музей,синагога внутри,Культурный туризм,,"Коричневая кожаная обложка книги с золотыми надписями: на иврите «תורה» и латинскими буквами «TOPA»; снизу подпись «C переводом на русский язык». Обложка лежит на синей поверхности, видны декоративные цепочки.",показать обложку религиозной книги,,,,
"https://sun9-28.userapi.com/s/v1/ig2/8kNvMLo9Pub4a5EORuMPw1RWQI7AuDesp9nhatmAimno-BEu0zKmAsotnxV4sTwRRjg0lQzYG8-d7r72uWVHmgFP.jpg?quality=96&as=32x43,48x64,72x96,108x144,160x213,240x320,360x480,480x640,540x720,640x853,720x960,1080x1440,1200x1600&from=bu&cs=1200x0",уровень 3. музей,синагога внутри,Культурный туризм,,"Страница с таблицей букв на светлом фоне; видны клетки с символами иврита/кириллицей, рядом маленькая плюшевая игрушка.",показать страницу со учебной таблицей букв,,,,
"https://sun9-80.userapi.com/s/v1/ig1/u7Iy-JH51Nw9yC0tO9RwaLAsmtS_wofMw3v-P_Dnvs6ioKQPf36cwzexFMV6CdtCZuUSdNWG.jpg?quality=96&as=32x43,48x64,72x96,108x144,160x213,240x320,360x480,480x640&from=bu&cs=480x0",уровень 4*. жизнь общины ,синагога внутри,Сакральное ядро / Контент общины,,"На столе лежат несколько прямоугольных коричневых тортов на белых подносах; в фоне диван с подушками и игрушками. Видна рука, держащая кусочек торта слева.",показать выпечку,,,,
"https://sun9-82.userapi.com/s/v1/ig2/swNZAfPhlA3bNNIrYwliEXx29UVm53e-_6x0YDGlTExuqVHW8vViYUyakrHcIU2o3wFOGp_ET9YXq37KAxcz7Vba.jpg?quality=96&as=32x43,48x64,72x96,108x144,160x213,240x320,360x480,480x640,540x720,640x853,720x960,1080x1440,1200x1600&from=bu&cs=1200x0",уровень 4*. жизнь общины ,синагога внутри,Сакральное ядро / Контент общины,,"Страница документа с таблицами и печатями, лежащая на поверхности стола",показать документ,,,,
"https://sun9-59.userapi.com/s/v1/ig2/3Va_XuWw5hN4BtbudMQSTgDXrH_4qsXB7jK7j6gAJtBEg7gvVIFyZcVEIhod46gxQJJxOLO-I2QTJpAVPNltKJpN.jpg?quality=95&as=32x44,48x66,72x100,108x149,160x221,240x332,360x498,480x664,540x747,640x885,720x996,1080x1494,1280x1770,1440x1992,1851x2560&from=bu&cs=1851x0",уровень 4*. жизнь общины ,синагога внутри,Сакральное ядро / Контент общины,,Страница книги с напечатанным русским текстом; видны абзацы и номер страницы внизу справа,передать страницу книги с русским текстом,,,,
"https://sun9-5.userapi.com/s/v1/ig2/kvXppV3c4zfBPmzAN7Civ0fPqutNMQVk5h170XfBQdj1iheB7dsRk4DqRyVoJJve3MD7MvG4dGKS-4kHgpFktMve.jpg?quality=95&as=32x44,48x67,72x100,108x150,160x222,240x333,360x499,480x666,540x749,640x888,720x998,1080x1498,1280x1775,1440x1997,1846x2560&from=bu&cs=1846x0",уровень 4*. жизнь общины ,синагога внутри,Сакральное ядро / Контент общины,,"Страница книги с печатным русским текстом, видны заголовки и абзацы.",показать страницу с текстом,,,,
"https://sun9-52.userapi.com/s/v1/ig2/IsUQjG8CKRiJy8FrKoNqMeIXYqw5d3Xh7z2cPuyEQm53mA4bHCkW8PHy9pavcDJQqIjq03vZef8nKEqxDM7tHeAz.jpg?quality=96&as=32x43,48x64,72x96,108x144,160x213,240x320,360x480,480x640,540x720,640x853,720x960,1080x1440,1200x1600&from=bu&cs=1200x0",уровень 4*. жизнь общины ,синагога внутри,Сакральное ядро / Контент общины,,"Интерьер зала с рядами красных кресел; люди в талитах стоят у кресел, окна по бокам и мебель на заднем плане",показать интерьер религиозного зала во время службы,,,,
"https://sun9-46.userapi.com/s/v1/ig2/O5HVNRxnGBtXEHdV7DU_Uf0lNRNNtM2ZzVTAcmIOH97UH6TH2dJ0N1nXjpTLVQWcLgpGN5mkqZ4zKth2WFvobTZO.jpg?quality=95&as=32x44,48x66,72x99,108x149,160x221,240x331,360x496,480x662,540x744,640x882,720x993,1080x1489,1280x1765,1440x1985,1857x2560&from=bu&cs=1857x0",уровень 4*. жизнь общины ,синагога внутри,Сакральное ядро / Контент общины,,"Страница текста на русском языке, печатный шрифт, видны абзацы и номер страницы внизу.",показать страницу книги,,,,
"https://sun9-36.userapi.com/s/v1/ig2/_SzPw6IxRmU8ssfPt6wYpFOyzxv-XCNnWRYY3PpC6n3kyXSF-BGktbmPU4hUQpD0JjiOkREYYGU5vLNRpspEQ2pz.jpg?quality=95&as=32x43,48x64,72x96,108x144,160x213,240x320,360x479,480x639,540x719,640x852,720x959,1080x1438,1280x1705,1440x1918,1922x2560&from=bu&cs=1922x0",уровень 4*. жизнь общины ,синагога внутри,Сакральное ядро / Контент общины,,Чёрно-белая страница с портретом пожилого мужчины и текстом биографической статьи,показать портрет и биографическую страницу,,,,
"https://sun9-31.userapi.com/s/v1/ig2/vkZVqtrOTYJbx8nBmAE0t3dXKfZf9Ul8JK2ppInvNtxKq92t7JCbHl6znD9nPpv46oVUKmfkwtB0cZoxWSs70b51.jpg?quality=96&as=32x43,48x64,72x96,108x144,160x213,240x320,360x480,480x640,540x720,640x853,720x960,1080x1440,1200x1600&from=bu&cs=1200x0",уровень 4*. жизнь общины ,синагога внутри,Сакральное ядро / Контент общины,,"Интерьер зала: ряды красных кресел, человек в костюме читает книгу на переднем плане, другие люди стоят у спинок скамей; вдоль стены окна, в помещении есть деревянные перегородки.",показать интерьер зала,,,,
"https://sun9-4.userapi.com/s/v1/ig1/Fe8GYUaVf24aVoDvVgEkHYXQnIHuXIpTFC9ps1wtoaoD9ZpXkd9RV-aKWTUZVnGXc3Fs7_ye.jpg?quality=96&as=32x43,48x64,72x96,108x144,160x213,240x320,360x480,480x640&from=bu&cs=480x0",уровень 4*. жизнь общины ,синагога внутри,Сакральное ядро / Контент общины,,Рука человека над столом с подарочными коробками и упаковками; на столе видны яркие рисунки и улыбающаяся желтая игрушка среди подарков,показать подарки и подарочные коробки на столе,,,,
"https://sun9-11.userapi.com/s/v1/ig1/OqD8DZTLLyQPFZiEEHAXOtDqqrXNwSJHowYkXRrmVsE_a38eQpjBs7uiaUZNGYP0i6Usrt9L.jpg?quality=96&as=32x43,48x64,72x96,108x144,160x213,240x320,360x480,480x640&from=bu&cs=480x0",уровень 4*. жизнь общины ,синагога внутри,Сакральное ядро / Контент общины,,"На длинных столах в помещении расставлены голубые пластиковые пакеты и черные мусорные мешки, на переднем столе лежит белая крышка от контейнера.",показать мусор и упаковку на столах внутри помещения,,,,
"https://sun9-77.userapi.com/s/v1/ig1/XYmi2b5SQPoheVi_AG5yDy7b6Yt0yBL2sWGXpoL58p9y7M3aoOwtOCuOHDGJDIebd_p82G0Y.jpg?quality=96&as=32x43,48x64,72x96,108x144,160x213,240x320,360x480,480x640&from=bu&cs=480x0",уровень 4*. жизнь общины ,синагога внутри,Сакральное ядро / Контент общины,,"Группа мужчин в белых талитах вокруг деревянного ковчега/шкафа внутри синагоги; видна деревянная ограда-перила, тёплое освещение и потолочные панели.",задокументировать молитвенную сцену,,,,
"https://sun9-31.userapi.com/s/v1/ig1/zMqfp0jk9PaFe_ymAIDn7o6HrDI3EL1-hf0uyiGl3yxJWCY0ZryrfHCCZB0NOmKJdbqZE5hT.jpg?quality=96&as=32x43,48x64,72x96,108x144,160x213,240x320,360x480,480x640&from=bu&cs=480x0",уровень 4*. жизнь общины ,синагога внутри,Сакральное ядро / Контент общины,,Много кусочков арбуза в белой миске на столе,показать еду,,,,
"https://sun9-17.userapi.com/s/v1/ig2/IUTgeMkhIf2eNh_hfeBrnDO6Ls9O7S5ER7YNLvIN4YgGo57Dgt9no_hutyvRHZxBZvnv_TaGK-r0tAiPCW1AkqOP.jpg?quality=96&as=32x43,48x64,72x96,108x144,160x213,240x320,360x480,480x640,540x720,640x853,720x960,1080x1440,1280x1707,1440x1920,1620x2160&from=bu&cs=1620x0",уровень 4*. жизнь общины ,синагога внутри,Сакральное ядро / Контент общины,,"Группа людей в помещении вокруг длинного стола: на переднем плане мужчина держит тарелку с куском выпечки, перед ним лежит большая прямоугольная выпечка на противне; люди стоят и заняты раздачей/подачей блюда.",показать еду,,,,
"https://sun9-56.userapi.com/s/v1/ig2/mYXqG_rdMUobLxSX5z1_SZC7lso8edcwUw3vW4qUmUb79pTLBQlOrPr_oOYasTajBVCOA-v-g5u7hbY3W6B3oMzr.jpg?quality=96&as=32x43,48x64,72x96,108x144,160x214,240x320,360x481,480x641,540x721,640x855,720x961,1080x1442,1280x1709,1342x1792&from=bu&cs=1342x0",уровень 4*. жизнь общины ,феор внутри,Деятельность школы / Контент общины,,"Две девушки за столом в помещении занимаются живописью; перед ними яркие холсты и палитры с красками, кисти; на столе чашки, тарелка с закусками; в углу гитара; окно и радиатор на фоне.",показать процесс рисования двумя девушками за столом,,,,
"https://sun9-25.userapi.com/s/v1/if1/c51oGCcNukuPfvV8xB9GUO2Ioh2XFg4iwAJ9iERZCSrDIA1QG31LrZ53wso0QDUS-VnZmAyr.jpg?quality=96&as=32x24,48x36,72x54,108x81,160x120,240x180,360x270,480x360,540x405,640x480,720x540,1080x810,1280x960,1440x1080,2560x1920&from=bu&cs=2560x0",уровень 4*. жизнь общины ,феор внутри,Деятельность школы / Контент общины,,"Группа людей сидит за столами в помещении класса; на стене яркая вывеска SMART, окна с цветными занавесками. Люди делают заметки и обсуждают материал.",задокументировать учебную сцену,,,,
"https://sun9-2.userapi.com/s/v1/if2/fpnm3D5JKkG_5yAPDgf_hxE3uEvkjV-X4X9Tvf6PxGoQhbGz6pM9t2G6C-SFNsIPUF-6JUZq4Pi_OY2jHoOFRdU2.jpg?quality=95&as=32x24,48x36,72x54,108x81,160x120,240x180,360x270,480x360,540x405,640x480,720x540,1080x810,1280x960,1440x1080,1920x1440&from=bu&cs=1920x0",уровень 4*. жизнь общины ,феор внутри,Деятельность школы / Контент общины,,"Группа людей на открытой площадке перед зданием; все улыбаются и поднимают руки, создавая радостную композицию. Перед ними на земле расположено круглое кострище с пеплом.",провести групповую фотосессию на улице,,,,
"https://sun9-52.userapi.com/s/v1/ig2/leCcCHwGEfV_IaXiTIymTrygpIWzqrPpqslk6VyQX-y5JOOiLTIqmOSzMVCUNLhmwa6VtCWoMW9w2Gw2zxbhxQtN.jpg?quality=96&as=32x43,48x64,72x96,108x144,160x213,240x320,360x480,480x640,540x721,640x854,720x961,1080x1441,1280x1708,1388x1852&from=bu&cs=1388x0",уровень 4*. жизнь общины ,феор внутри,Деятельность школы / Контент общины,,"Группа девушек вокруг стола в помещении; на столе разложены карточки, возможно игра или занятие; ярко-окрашенные стены желто-оранжевого цвета на заднем плане.",показать группу людей за столом во время карточной активности,,,,
"https://sun9-88.userapi.com/s/v1/ig2/JSc36_KxJlKVAd3greVcqTfrkeQS-yAUn0kA3S4DMi0tIOtqY72hQSggVXXfP16cV2QZI3eQa_-_6aE9fWUQRcsR.jpg?quality=95&as=32x43,48x64,72x96,108x144,160x213,240x320,360x480,480x640,540x721,640x854,720x961,1080x1441,1280x1708,1388x1852&from=bu&cs=1388x0",уровень 4*. жизнь общины ,феор внутри,Деятельность школы / Контент общины,,"Три женщины стоят на улице, позируют перед камерой; на заднем плане видны здания и улица.",позирование группы на улице,,,,
"https://sun9-21.userapi.com/s/v1/ig1/XmlBorLxoDHv2DyvFr9BbIz4GenckapIKg6YHnKZR3iMUZxlycuBizSth0GNlW6K5HdptrJ2.jpg?quality=96&as=32x43,48x64,72x96,108x144,160x213,240x320,360x480,480x640,540x720,640x853,720x960,1080x1440,1280x1707,1440x1920,1620x2160&from=bu&cs=1620x0",уровень 4*. жизнь общины ,феор внутри,Деятельность школы / Контент общины,,"Письменный диплом на градиентном фоне: верх голубой, низ розовый, тексты и логотипы, подпись",показать диплом победителя,,,,
"https://sun9-65.userapi.com/s/v1/ig2/f4Oj5ulerXsKqoYVrN5KcygCHnKIyPgT_H7wgeheXH5nKMzLt5Y-EqUMJ3r-9oWYCP5Any7mA0v5XTYBNaz-wVxS.jpg?quality=96&as=32x43,48x64,72x96,108x144,160x213,240x320,360x480,480x640,540x721,640x854,720x961,1080x1441,1280x1708,1388x1852&from=bu&cs=1388x0",уровень 4*. жизнь общины ,феор внутри,Деятельность школы / Контент общины,,"Девочка в школьной форме возле стола с блюдами; интерьер комнаты, сервировка стола",показать сервировку стола на школьном мероприятии,,,,
"https://sun9-49.userapi.com/s/v1/ig2/D6LNmIUU8yMLBZwssgZyPn5ccS6luIzeebA4lD69P7v6QMDJKd-dnoPLYSdZz6Z4pLFZNvSZ9koWeF4GxJUsRu_c.jpg?quality=95&as=32x43,48x64,72x96,108x144,160x213,240x320,360x480,480x640,540x721,640x854,720x961,1080x1441,1280x1708,1388x1852&from=bu&cs=1388x0",уровень 4*. жизнь общины ,феор внутри,Деятельность школы / Контент общины,,"Два мужчины в помещении: один держит голову другого, как будто выполняется стрижка или укладка. На столе лежат телефон и открытая желтая книга; в фоне зеркало и ярко-жёлтая стена.",показать процесс стрижки волос,,,,
"https://sun9-65.userapi.com/s/v1/if2/a1ABEeZVVJTZGWGMXcmndK6m1stg0BHcSGAF2opAjzOvJIh59vm64FzVsdnxK73a-rra_y_gCHyMWaHaXpNVHfwa.jpg?quality=96&as=32x24,48x36,72x54,108x81,160x120,240x180,360x270,480x360,540x405,640x480,720x540,1080x810,1280x960,1440x1080,2560x1920&from=bu&cs=2560x0",уровень 4*. жизнь общины ,феор внутри,Деятельность школы / Контент общины,,Две девочки стоят рядом у выставочного стенда с фотографиями и коллажами на стене внутри помещения; слева видна растительность; перед ними круглый стол в белой скатерти с предметами.,показать двух детей возле экспозиции с фотографиями внутри помещения,,,,
"https://sun9-4.userapi.com/s/v1/if1/o9Ykn76PeoogB3vC5iIjtC4CW7vrL8RQLJG4wegrDJBX4am6Cm2JTxGmBszDKZVkWP3MLCYv.jpg?quality=96&as=32x24,48x36,72x54,108x81,160x120,240x180,360x270,480x360,540x405,640x480,720x540,1080x810,1280x960,1440x1080,2560x1920&from=bu&cs=2560x0",уровень 4*. жизнь общины ,феор внутри,Деятельность школы / Контент общины,,"Интерьер классной комнаты: круглые белые столы и разноцветные стулья, яркие стены с полосами и надписью SMARTJ, радиатор вдоль стены",показать интерьер класса,,,,
"https://sun9-61.userapi.com/s/v1/ig2/9zzvIMRn6ogzlDlhrNf9zH0Aw-vEIugP4Y6neDcj1zujEhKpEQsQ7MHGDugJWPwiRrBTxblc90J_dJrU7lB9tiVq.jpg?quality=95&as=32x43,48x64,72x96,108x144,160x213,240x320,360x480,480x640,540x721,640x854,720x961,1080x1441,1280x1708,1388x1852&from=bu&cs=1388x0",уровень 4*. жизнь общины ,феор внутри,Деятельность школы / Контент общины,,"Два мальчика за столом готовят суши: один стоит и обрабатывает ингредиенты на разделочной доске, рядом миски с рисом и овощами, на тарелке лежат готовые роллы",показать процесс приготовления суши,,,,
"https://sun9-77.userapi.com/s/v1/if1/agh2XPAYaUjGhBbxa7JbHQrDvsSN2H4Bvy6EZMmzwfMEYcVznG2JqqSnFD1T2vU6yCMivdkR.jpg?quality=96&as=32x24,48x36,72x54,108x81,160x119,240x179,360x269,480x359,540x403,640x478,720x538,1080x807,1280x956,1296x968&from=bu&cs=1296x0",уровень 4*. жизнь общины ,феор внутри,Деятельность школы / Контент общины,,"Группа детей за столом в помещении, занятые созданием цветных бумажных поделок; на столе тетради и пластиковый лоток с бумажными цветами, на заднем плане видны другие дети.",показать детей за творческим занятием в классе,,,,
"https://sun9-54.userapi.com/s/v1/ig2/ELVZ5IUbx0DJRSeG4m53B4DQwhGf_LGphvUX_6T_OQUYSnm9YbMvGP5gFIkLxR21Q_9g0aZ_pIz0n7XZMvY1DiIB.jpg?quality=96&as=32x43,48x64,72x96,108x144,160x214,240x320,360x481,480x641,540x721,640x855,720x961,1080x1442,1280x1709,1342x1792&from=bu&cs=1342x0",уровень 4*. жизнь общины ,феор внутри,Деятельность школы / Контент общины,,"Женщина в медицинской маске и пластиковом фартуке режет лук на зеленой разделочной доске; справа лежат овощи и кухонный инвентарь: красный перец, терка, миска с натертой морковью, нож на доске. В фоне столы и стулья в помещении.",показать процесс приготовления пищи,,,,
"https://sun9-57.userapi.com/s/v1/ig2/Cxy_el7XhQX50MBvSdrPZ4RKyn0JkMvMsdUD1BClKMmVyF5AE7TOCBX4kVqeXUXsGEQSX64__o4Uuacgs2c_VCYE.jpg?quality=96&as=32x43,48x64,72x96,108x144,160x213,240x320,360x480,480x640,540x721,640x854,720x961,1080x1441,1280x1708,1388x1852&from=bu&cs=1388x0",уровень 4*. жизнь общины ,феор внутри,Деятельность школы / Контент общины,,"Женщина стоит в помещении за длинным столом, накрытым зелёной тканью, на котором расставлены тарелки с едой; она улыбается и показывает жест peace",показать человека на фоне сервировки стола,,,,FALSE
"https://sun9-64.userapi.com/s/v1/if2/RW71c5gDB3uu7GwI4pxwyL9lW8i57PeUou05e3C7pkeiBSFuvn310lJhfoMQY08ioiWBAvI5pNSO-AqHCA99nJhh.jpg?quality=96&as=32x24,48x36,72x54,108x81,160x120,240x180,360x270,480x360,540x405,640x480,720x540,1080x810,1280x960,1440x1080,2560x1920&from=bu&cs=2560x0",уровень 4*. жизнь общины ,феор внутри,Деятельность школы / Контент общины,,"Группа детей стоит вокруг круглого стола в помещении; на стене висят плакаты и декоративные элементы, пол деревянный, атмосфера учебного или кружкового занятия.",показать группу детей на мероприятии,,,,FALSE
"https://sun9-11.userapi.com/s/v1/ig2/oWbtUUlghBc3Mf_0vW4OZoB13GECi8JKCjyvjxJIbUvLrbvMn0RRh84ZJChNA3lAn4HUj-EyRgiXKLPpBkRL0RJU.jpg?quality=96&as=32x43,48x64,72x96,108x144,160x213,240x320,360x480,480x640,540x721,640x854,720x961,1080x1441,1280x1708,1388x1852&from=bu&cs=1388x0",уровень 4*. жизнь общины ,феор внутри,Деятельность школы / Контент общины,,"Мальчик в синей футболке стоит в помещении; взрослый мужчина держит его руку, на предплечье мальчика виден ряд кольцевых элементов/брекетов.",показать процесс осмотра/реабилитации руки,,,,
"https://sun9-15.userapi.com/s/v1/ig2/q6SwMte__WUE57VM3HdKlX4i9JjnHKYhRscfKpKh5trggwiMRU7OhDjP4NlChM0mxdZNMCdQp8ba5ruCtTXJ33eA.jpg?quality=96&as=32x43,48x64,72x96,108x144,160x213,240x320,360x480,480x640,540x721,640x854,720x961,1080x1441,1280x1708,1388x1852&from=bu&cs=1388x0",уровень 4*. жизнь общины ,феор внутри,Деятельность школы / Контент общины,,"Блюдо из жареных кусочков на белой тарелке, украшенной зеленью, на столе с бокалами, свечами и салфетками",показать еду,,,,
"https://sun9-72.userapi.com/s/v1/ig2/WieoAaGP-8XaYeFY1FgbNbSLniVDVLKMt7M_momU6RsQE5m398dv4FJq2Xa72OsLkP8R5tKFoHKd1KmKMNe9Xti-.jpg?quality=96&as=32x43,48x64,72x96,108x144,160x213,240x320,360x480,480x640,540x721,640x854,720x961,1080x1441,1280x1708,1388x1852&from=bu&cs=1388x0",уровень 4*. жизнь общины ,феор внутри,Деятельность школы / Контент общины,,Три девушки в помещении у жёлтой стене держат горшки с жёлтыми цветами,показать трёх девушек с цветами на фоне жёлтой стены,,,,
"https://sun9-54.userapi.com/s/v1/ig1/_F5nvPvqHq8LyIp6jDZXNe6rULCeGHXhk61z4xkItdBTkpolcek9EgQx3BN-AY5uV5bYvA1u.jpg?quality=96&as=32x43,48x64,72x96,108x144,160x213,240x320,360x480,480x640,540x720,640x853,720x960,1080x1440,1280x1707,1440x1920,1620x2160&from=bu&cs=1620x0",уровень 4*. жизнь общины ,феор внутри,Деятельность школы / Контент общины,,Три человека стоят в помещении перед декоративной фотостенд-рамкой: взрослый мужчина в полосатом свитере между двумя девочками в костюмах.,сделать групповое фото,,,,TRUE
"https://sun9-57.userapi.com/s/v1/ig1/sw7aQ065adBOIphOF8ToIf1-4m9ze-R7DrKExqTxVKGE7FjP8MKSxIePu--dHUrG8mm6iUBZ.jpg?quality=96&as=32x43,48x64,72x96,108x144,160x213,240x320,360x480,480x640,540x720,640x853,720x960,1080x1440,1280x1707,1440x1920,1620x2160&from=bu&cs=1620x0",уровень 4*. жизнь общины ,феор внутри,Деятельность школы / Контент общины,,"Три человека: взрослый мужчина между двумя детьми в помещении, на фоне детское оформление и надпись 'Happy'",показать группу людей на мероприятии,,,,
"https://sun9-56.userapi.com/s/v1/ig2/GPuRj_zuaBYVzaWWLrlPccsTpZZjths_XSCTzMWTGNVk7dtU53OhXjC2OMxFLLsRv55PKAnFgAozR3P2Bcs9zHCO.jpg?quality=96&as=32x43,48x64,72x96,108x144,160x213,240x320,360x480,480x640,540x721,640x854,720x961,1080x1441,1280x1708,1388x1852&from=bu&cs=1388x0",уровень 4*. жизнь общины ,феор внутри,Деятельность школы / Контент общины,,"Группа людей сидит за длинным столом в помещении, на столе фрукты, напитки и посуда; видны окна с занавесками на фоне.",задокументировать групповую встречу за столом,,,,
"https://sun9-80.userapi.com/s/v1/ig2/hFiB3OpgCauKmFH3SVzZvluix03cvwfmgufD8_iHOEKky1u5-4ZBPWwUmqk_KWEYe1cYCx53Jw2FdkfLbL2_5uTq.jpg?quality=95&as=32x43,48x64,72x96,108x144,160x213,240x320,360x480,480x640,540x721,640x854,720x961,1080x1441,1280x1708,1388x1852&from=bu&cs=1388x0",уровень 4*. жизнь общины ,феор внутри,Деятельность школы / Контент общины,,Руки человека ведут процесс рисования и раскрашивания на бумаге с панелями комикса на деревянном столе; вокруг лежат цветные карандаши и ручки.,показать процесс рисования и раскрашивания на столе,,,,
"https://sun9-70.userapi.com/s/v1/ig2/6pQ5NnIzh9CcnkiM3uVsdyypQgPTL6LLy-gA2Wv_8K2eMfly8kxWgYfJqZLSwtgRmj-9yh8ecyNlvOH74bNx1L5A.jpg?quality=95&as=32x43,48x64,72x96,108x144,160x213,240x320,360x480,480x640,540x721,640x854,720x961,1080x1441,1280x1708,1388x1852&from=bu&cs=1388x0",уровень 4*. жизнь общины ,феор внутри,Деятельность школы / Контент общины,,"Пожар из деревянных поддонов на улице; пламя поднимается над кучей поддонов, вокруг стоят люди.",задокументировать городскую сцену,,,,
"https://sun9-88.userapi.com/s/v1/ig2/V7NNmtrveYpu-LG2yJN2tfuCcOdab5t3lp03NJ3e11azdv-fsVlC4TBP7s5VElfbn_rXhr_YQ_zsDI_A5EEUxP5T.jpg?quality=95&as=32x43,48x64,72x96,108x144,160x213,240x320,360x480,480x640,540x721,640x854,720x961,1080x1441,1280x1708,1388x1852&from=bu&cs=1388x0",уровень 4*. жизнь общины ,феор внутри,Деятельность школы / Контент общины,,"Группа людей сидит за длинным столом в светлой комнате, за столом блюда и напитки; окна с занавесками. На стене оранжевый баннер с белым символом лампы.",показать группу людей за столом во время трапезы,,,,FALSE
"https://sun9-8.userapi.com/s/v1/ig2/d43QOxg9t-qUbZQzHjfnItk8BGm4bASDiDpuhuD3NTTG5O-CHawAsFf46V2HQwoaCIDoE7nh1KSELEtWvYo_xK_8.jpg?quality=95&as=32x43,48x64,72x96,108x144,160x213,240x320,360x480,480x640,540x721,640x854,720x961,1080x1441,1280x1708,1388x1852&from=bu&cs=1388x0",уровень 4*. жизнь общины ,феор внутри,Деятельность школы / Контент общины,,"Группа людей на улице держит плакаты/таблички, участвуют в демонстрации.",задокументировать городскую сцену,,,,TRUE
"https://sun9-4.userapi.com/s/v1/ig2/QRMjAF2w1MxNgOzs7UN2Xq3dedRU5iHwFlwC18CB2WnG96sAAXkX6Pxhck7Wrc2121UWJP1WEYk05TEEjC1gS1cD.jpg?quality=95&as=32x43,48x64,72x96,108x144,160x213,240x320,360x480,480x640,540x721,640x854,720x961,1080x1441,1280x1708,1388x1852&from=bu&cs=1388x0",уровень 4*. жизнь общины ,феор внутри,Деятельность школы / Контент общины,,"Двое детей стоят внутри помещения перед яркой стеной с надписью ENERGY и рисунками, держат бумажные пакеты/сумки",позирует для фото,,,,
"https://sun9-33.userapi.com/s/v1/ig2/eAqp0cOqAzmkAdqeJa0OAb_uUL5Z9Qa3Vc-wFlnIrRX_OYCW52iSx2KrqyfQwQAagDDbunXMd_PERhkoEyeoWAI5.jpg?quality=95&as=32x43,48x64,72x96,108x144,160x213,240x320,360x480,480x640,540x720,640x853,720x960,1080x1440,1280x1707,1440x1920,1920x2560&from=bu&cs=1920x0",уровень 4*. жизнь общины ,феор внутри,Деятельность школы / Контент общины,,"Девочка в очках держит собранную игрушку-конструктор в помещении, на фоне — стол с ноутбуком и картины на стене",показать ребенка с конструктором,,,,
"https://sun9-70.userapi.com/s/v1/ig2/hFkD1wVeC8coaWTT-KiExqV-nxYrB_eEAIptv4-ADRWhVJZ8Jr3YpFdGo9Yp2XXSmgVopXujgcz1mWsH7KydKfeI.jpg?quality=95&as=32x43,48x64,72x96,108x144,160x213,240x320,360x480,480x640,540x721,640x854,720x961,1080x1441,1280x1708,1388x1852&from=bu&cs=1388x0",уровень 4*. жизнь общины ,феор внутри,Деятельность школы / Контент общины,,"Группа людей сидит за столом в помещении, на столе тарелки, напитки и еда; в комнате желтые стены и ярко пропускающие свет окна с занавесками.",показать групповое застолье,,,,
"https://sun9-19.userapi.com/s/v1/ig2/XmvvYAkA22s1N2tCm43O_PWG0Mc8pF-hW8Z5QkPBtD3L8ugOK7aVb4ydAHSXI1bbS16P-c1SFH-ZJYjhEb3NTxdY.jpg?quality=95&as=32x43,48x64,72x96,108x144,160x213,240x320,360x480,480x640,540x721,640x854,720x961,1080x1441,1280x1708,1388x1852&from=bu&cs=1388x0",уровень 4*. жизнь общины ,феор внутри,Деятельность школы / Контент общины,,Три молодых человека сидят на диване в комнате с оранжевыми стенами; все смотрят в телефоны.,показать бытовую сцену,,,,
"https://sun9-82.userapi.com/s/v1/if1/Zq0M8zYJ3f5YchdtxItapneTxmjXrarQkQanw3Ov-SCttUNhFfKmlZaVu1ToqE38KnjcSToI.jpg?quality=96&as=32x24,48x36,72x54,108x81,160x120,240x180,360x270,480x360,540x405,640x480,720x540,1080x810,1280x960,1440x1080,2560x1920&from=bu&cs=2560x0",уровень 4*. жизнь общины ,феор внутри,Деятельность школы / Контент общины,,"Классная комната с круглыми столами и стульями, белая доска на стене, яркие цветные панели на стенах",показать интерьер класса,,,,
"https://sun9-54.userapi.com/s/v1/ig2/3klJnB7zJuhDmOTn6YAvhh3FW6v9jENMo2k2j9HEHM125wygt2c8K6gIhd3s0CGjdZR6qASWGlpCV3JL3AZxYx05.jpg?quality=96&as=32x43,48x64,72x96,108x144,160x213,240x320,360x480,480x640,540x720,640x853,720x960,1080x1440,1280x1707,1440x1920,1620x2160&from=bu&cs=1620x0",уровень 4*. жизнь общины ,феор внутри,Деятельность школы / Контент общины,,"Девочка в голубой кофтинке и черной юбке стоит indoors рядом с настенным коллажем из фотографий, она указывает на одну из фотографий.",показать ребенка возле коллажа с фотографиями,,,,
"https://sun9-51.userapi.com/s/v1/ig2/nNz9bsyLvMFJ6BCz0qJU70fCPG8szA-DvbhVfYAntEYQFsJfpVXZRRmKl5-HgCPsI2bWKIgPLRh_eNvkmAskc-sb.jpg?quality=95&as=32x43,48x64,72x96,108x144,160x213,240x320,360x480,480x640,540x721,640x854,720x961,1080x1441,1280x1708,1388x1852&from=bu&cs=1388x0",уровень 4*. жизнь общины ,феор внутри,Деятельность школы / Контент общины,,Две молодые женщины стоят внутри помещения перед ярко-жёлтой стеной с логотипом; одна держит большой лист с рисунком.,показать двух людей с рисунком на фоне стены,,,,FALSE
"https://sun9-88.userapi.com/s/v1/ig2/iR1Vv9KZQG0Q8cq0LWf5iFpmaDdg0YdAGO3dK5lH6khAC2aShko2tQjR4m7BdpbImxgTUIur6ZaPAIpr_Qpdv8Nk.jpg?quality=95&as=32x43,48x64,72x96,108x144,160x213,240x320,360x480,480x640,540x721,640x854,720x961,1080x1441,1280x1708,1388x1852&from=bu&cs=1388x0",уровень 4*. жизнь общины ,феор внутри,Деятельность школы / Контент общины,,"Две девушки сидят за столом в помещении. На столе тарелки с закусками и суши, банки напитков и желтые бумажные стаканы, ярко-желтые салфетки. Фон — окно с занавесками и радиатор.",показать дружескую встречу за столом с едой,,,,TRUE
"https://sun9-30.userapi.com/s/v1/if2/vUJdUCiKty--Caoe4I_XWKxDfRhLm1Yk0F1UMjwKq888x_cctJvb6gJPHKQE11ONsJCvjP7JmbfhN0RnycxblNwj.jpg?quality=95&as=32x24,48x36,72x54,108x81,160x120,240x180,360x270,480x360,540x405,640x480,720x540,1080x810,1280x960,1440x1080,1920x1440&from=bu&cs=1920x0",уровень 4*. жизнь общины ,феор внутри,Деятельность школы / Контент общины,,"Группа молодых людей стоит на открытой площадке у здания, перед ними костёр/очаг с углями. Люди улыбаются и позируют на камеры.",показать группу людей на улице,,,,
"https://sun9-49.userapi.com/s/v1/ig2/XvcA1ntV4-2gWx0P1bjcGvdoD5VGVdXph7gffRLmxfVRDRS1VskScCTr2tj67m4Hv4i3lYyjj8fyOy8aBTzd9Vuc.jpg?quality=95&as=32x43,48x64,72x96,108x144,160x213,240x320,360x480,480x640,540x721,640x854,720x961,1080x1441,1280x1708,1388x1852&from=bu&cs=1388x0",уровень 4*. жизнь общины ,феор внутри,Деятельность школы / Контент общины,,"Группа людей сидит за длинным столом в помещении: окна с занавесками, часы на стене, баннер на стене.",задокументировать встречу группы,,,,
"https://sun9-78.userapi.com/s/v1/ig2/CUam110c6_362uar2PzIc4laS-KwaB2ye6wdFwsRhsNTF-N2kmC0fj9EJ-HYdUk60vgtEYr00Uw7JnL8vwnTeEHN.jpg?quality=95&as=32x43,48x64,72x96,108x144,160x213,240x320,360x480,480x640,540x721,640x854,720x961,1080x1441,1280x1708,1388x1852&from=bu&cs=1388x0",уровень 4*. жизнь общины ,феор внутри,Деятельность школы / Контент общины,,"Группа людей за длинным столом в помещении на фоне желтых занавесей; на столе закуски, банки газировки, тарелки и посуда.",показать группу людей за столом во время еды,,,,
"https://sun9-11.userapi.com/s/v1/ig1/yG7m7b_NmnCTTKv5tooC0D_W6v9VnwOHPBlO-UvGLVHEJc8XEveMwDtywGvXf_5rttB9Rg.jpg?quality=96&as=32x43,48x64,72x96,108x144,160x213,240x320,360x480,480x640,540x720,640x853,720x960,1080x1440,1280x1707,1440x1920,1620x2160&from=bu&cs=1620x0",уровень 4*. жизнь общины ,феор внутри,Деятельность школы / Контент общины,,"Группа из трёх школьниц стоит перед чёрной доской в классе, слева стол с бумагами",показать школьное выступление перед классом,,,,
"https://sun9-27.userapi.com/s/v1/if1/oe-OQH958DvZJKnxxwoQGGU-gytaAl1xAVe_GFjGbBznJA-JCwz0Fq5sZX4GSqQAtF7p5pjN.jpg?quality=96&as=32x24,48x36,72x54,108x81,160x120,240x180,360x270,480x360,540x405,640x480,720x540,1080x810,1280x960,1440x1080,2560x1920&from=bu&cs=2560x0",уровень 4*. жизнь общины ,феор внутри,Деятельность школы / Контент общины,,"Группа детей в узком коридоре, позируют для фото, некоторые держат стаканчики",сделать групповой портрет детей,,,,
"https://sun9-13.userapi.com/s/v1/ig2/f2IWkpPKD0LNlwTiL2tQxRZozQPyWQeI_ltNQDUMjkKaaIZ3cA7wf5obhmkpmdEzZVcvJgYZkwF6aCRqLsSAKVVD.jpg?quality=95&as=32x43,48x64,72x96,108x144,160x213,240x320,360x480,480x640,540x721,640x854,720x961,1080x1441,1280x1708,1388x1852&from=bu&cs=1388x0",уровень 4*. жизнь общины ,феор внутри,Деятельность школы / Контент общины,,"Группа из пяти человек сидит на диване в ярко окрашенной комнате, улыбаются и держат игровые устройства/геймпады","показать группу друзей на диване, играющих на устройствах",,,,
"https://sun9-64.userapi.com/s/v1/ig2/1uUM3YCJ0ByVLCqtPiqvzJj5UDocGczGhlmtTY2j472atmUWfWJgdQTGWUQqjKUoJC1DjECtbeFUXMpwBxP_dUhk.jpg?quality=95&as=32x43,48x64,72x96,108x144,160x213,240x320,360x480,480x640,540x721,640x854,720x961,1080x1441,1280x1708,1388x1852&from=bu&cs=1388x0",уровень 4*. жизнь общины ,феор внутри,Деятельность школы / Контент общины,,"Два мужчины стоят возле стола в помещении и пожимают руки; на столе лежит блокнот, рядом стул и другие предметы. Желтая стена с плакатами и надписями на фоне.",показать рукопожатие между двумя мужчинами в помещении,,,,
"https://sun9-12.userapi.com/s/v1/ig2/fHNHtbkAdTysW5FCpwHhb81OTEvHfSBBW5dI_amXbYDzrAagA-Q0-szTT8aZEwhOA9pLgTTYSDT3XUngqNdSo__Q.jpg?quality=95&as=32x41,48x61,72x92,108x138,160x205,240x307,360x461,480x615,540x692,640x820,720x923,1080x1384,1280x1640,1440x1845,1998x2560&from=bu&cs=1998x0",уровень 4*. жизнь общины ,феор внутри,Деятельность школы / Контент общины,,"Яркие надувные трубки на улице, рядом группа людей, на заднем плане здания и палатка/навес.",показать детские развлечения на улице,,,,
"https://sun9-25.userapi.com/s/v1/if1/jbj4na0-KZTLA73jG6TWI2PffPjKOaKeVOibjZ_PTbsUst80Q2jXw7spc4aKFaZ8ssTwGP8U.jpg?quality=96&as=32x24,48x36,72x54,108x81,160x120,240x180,360x270,480x360,540x405,640x480,720x540,1080x810,1280x960,1440x1080,2560x1920&from=bu&cs=2560x0",уровень 4*. жизнь общины ,феор внутри,Деятельность школы / Контент общины,,Комната внутри помещения с белыми столами и разноцветными стулами; стены окрашены в мятовый цвет с радужными полосами и рисунками; окно с жалюзи на заднем плане.,показать интерьер помещения,,,,
"https://sun9-70.userapi.com/s/v1/ig2/KUYx-IhcCS7zieE01QvMulojhNED_QNkPYO4oL6geKvtp2RRhAFPuWtc6xZInfD_RE8S-yukcJyolVIGNICjU3FM.jpg?quality=95&as=32x43,48x64,72x96,108x144,160x213,240x320,360x480,480x640,540x721,640x854,720x961,1080x1441,1280x1708,1388x1852&from=bu&cs=1388x0",уровень 4*. жизнь общины ,феор внутри,Деятельность школы / Контент общины,,Группа людей внутри помещения вокруг стола; многие в оранжевых фартуках; на стене коллаж фотографий,показать группу людей на мастер-классе,,,,TRUE
"https://sun9-12.userapi.com/s/v1/if1/ScGFgtXpUyYtlYkDHfn1gOuKuPZRC2Hqb1aGqnl9gObsVhJseGWgwqrx7cFa-hBZbJ8CCtHr.jpg?quality=96&as=32x24,48x36,72x54,108x81,160x120,240x180,360x270,480x360,540x405,640x480,720x540,1080x810,1280x960,1440x1080,2560x1920&from=bu&cs=2560x0",уровень 4*. жизнь общины ,феор внутри,Деятельность школы / Контент общины,,"Группа детей сидит за длинным столом внутри помещения; на столе тарелки с фруктами (груши, яблоки); женщина-ведущий/педагог наклоняется к тарелкам, помогая детям.",показать детей за столом во время еды,,,,FALSE
"https://sun9-55.userapi.com/s/v1/ig2/EH-kF8vdsAibaiVp6EULf2bJkz2epOInNlzi_KyXHcePCNuWPoxGkrDLWDHvycZb9kylf1c1HhNNVJcQ_xXESpms.jpg?quality=96&as=32x43,48x64,72x96,108x144,160x213,240x320,360x480,480x640,540x721,640x854,720x961,1080x1441,1280x1708,1388x1852&from=bu&cs=1388x0",уровень 4*. жизнь общины ,феор внутри,Деятельность школы / Контент общины,,Молодая женщина в светло-голубой футболке держит букет цветов на фоне желтой стены,показать портрет женщины с букетом,,,,
"https://sun9-80.userapi.com/s/v1/ig2/pzpm3vt_hkkY1Cuw9iScO9b1bDFNXItU-ah5caYDGcjzlusOVDBx4bgwHbmVsxOECAwMCnBXSksSEpm5T7Oe0zYc.jpg?quality=96&as=32x43,48x64,72x96,108x144,160x214,240x320,360x481,480x641,540x721,640x855,720x961,1080x1442,1280x1709,1342x1792&from=bu&cs=1342x0",уровень 4*. жизнь общины ,феор внутри,Деятельность школы / Контент общины,,"Женщина в полосатой кофте и фартуке моет что‑то в металлической миске над раковиной в помещении с несколькими раковинами, зеркалом и мыльницей.",показать бытовую сцену: мытьё посуды в раковине,,,,FALSE
"https://sun9-81.userapi.com/s/v1/ig1/TidM5jpoqd7XYPKq1RljExHaeS_1WziBSJZYv3X4Ae50Ieovh13qtJUKizZpsq8iDJvPhWj4.jpg?quality=96&as=32x43,48x64,72x96,108x144,160x213,240x320,360x480,480x640,540x720,640x853,720x960,1080x1440,1280x1707,1440x1920,1620x2160&from=bu&cs=1620x0",уровень 4*. жизнь общины ,феор внутри,Деятельность школы / Контент общины,,"Комната внутри: длинный белый стол, вокруг зелёные стулья; окно с вертикальными цветными жалюзи (сине-зелёные, розовый, желтый, зеленый), стены украшены графикой и полосами цветного дизайна; пол с рисунком плитки.",показать интерьер помещения с мебелью,,,,
"https://sun9-42.userapi.com/s/v1/ig2/8Jc2s0XNMZFwSqTTP42cPDF8MxF-y3r0UIPMoCQmvMKnTgb8rhKsX18iACplXhcIIdnQwVxFGQQ5Eq1zPLqFAWJo.jpg?quality=96&as=32x43,48x64,72x96,108x144,160x213,240x320,360x480,480x640,540x721,640x854,720x961,1080x1441,1280x1708,1388x1852&from=bu&cs=1388x0",уровень 4*. жизнь общины ,феор внутри,Деятельность школы / Контент общины,,Группа школьников и взрослых в помещении позирует перед камерой; многие держат желтые макеты в форме лампочек. На стене ярко-желтая декоративная стена и баннер оранжевого цвета с логотипом; перед участниками расположен стол.,сделать групповое фото,,,,
"https://sun9-56.userapi.com/s/v1/ig2/EZLOKsNgGpLZRQrlHK9ED9rgyhfcuVpz_wT7hbDeHkQL_izmqp_Hth0aH6pgnrIKlvH8cG57wH48muDDq3O-mKQp.jpg?quality=95&as=32x43,48x64,72x96,108x144,160x213,240x320,360x480,480x640,540x721,640x854,720x961,1080x1441,1280x1708,1388x1852&from=bu&cs=1388x0",уровень 4*. жизнь общины ,феор внутри,Деятельность школы / Контент общины,,"Два человека стоят у окна в помещении, на подоконнике лежит зелёный лист бумаги; рядом радиатор и оранжевые занавеси.",показать интерьер комнаты,,,,FALSE
"https://sun9-31.userapi.com/s/v1/ig2/otYi1e-7nfHVxgoMl3yn3XTJm2d1Gsa08FE2o_AcJuCS9Y-KYVaZI78xCyX1aILI7gJ3dP5nqUROueYKDLHq-sVd.jpg?quality=96&as=32x43,48x64,72x96,108x144,160x213,240x320,360x480,480x640,540x721,640x854,720x961,1080x1441,1280x1708,1388x1852&from=bu&cs=1388x0",уровень 4*. жизнь общины ,феор внутри,Деятельность школы / Контент общины,,"Группа людей сидит вокруг длинного деревянного стола в помещении; один человек поднимает руки, на столе бумаги, напитки и закуски. Окно с занавесками позади.",показать группу людей за столом во время встречи,,,,
"https://sun9-40.userapi.com/s/v1/if1/hLU3vwOyWG7_z_l-uMYU3p6nosRbzzwpuU55Wn__mMLQpk6pzaJb6MTZJS3RDf29IKtD0qZZ.jpg?quality=96&as=32x24,48x36,72x54,108x81,160x119,240x179,360x269,480x359,540x403,640x478,720x538,1080x807,1280x956,1296x968&from=bu&cs=1296x0",уровень 4*. жизнь общины ,феор внутри,Деятельность школы / Контент общины,,"Группа людей сидит в помещении с фиолетовой стеной, в классной/заловой обстановке; видны стулья и декоративные элементы на стенах",показать группу людей в помещении,,,,
"https://sun9-55.userapi.com/s/v1/ig2/cD9Urlqfr8YfkPIJHTY3ZT8TJvOf_720aFjvscqHnynZK2_2bJdH3MTlmlRWS5kATSzkN9x5gGhfG4WQE9vD_etQ.jpg?quality=95&as=32x43,48x64,72x96,108x144,160x213,240x320,360x480,480x640,540x721,640x854,720x961,1080x1441,1280x1708,1388x1852&from=bu&cs=1388x0",уровень 4*. жизнь общины ,феор внутри,Деятельность школы / Контент общины,,"Две молодые люди стоят на улице у стены здания; один в красной куртке, другой в темной толстовке, они обмениваются чем-то на руки; на заднем плане кирпичная стена с окном, на переднем плане оранжевая сумка/контейнер",зафиксировать момент взаимодействия между двумя людьми,,,,
"https://sun9-21.userapi.com/s/v1/if2/sQuAK6TAJka083V0RFP1QWYeN4c8dykRLnP90Ym_UeRiCvdFRlsWcXHSizRH8WDiPbR58wiEC7juvUwzr-ciGIf9.jpg?quality=95&as=32x24,48x36,72x54,108x81,160x120,240x180,360x270,480x360,540x405,640x480,720x540,1080x810,1280x960,1440x1080,1920x1440&from=bu&cs=1920x0",уровень 4*. жизнь общины ,феор внутри,Деятельность школы / Контент общины,,"Группа людей стоит на улице перед фасадом здания, все позируют для общего снимка",сделать групповое фото,,,,TRUE
"https://sun9-36.userapi.com/s/v1/ig1/B5za8mvMnljl_p651SUd604qfES4U9dIbBqqRHbA_YMG1I-AQa9YgB5KxXAg2jx5eU45pgGp.jpg?quality=96&as=32x43,48x64,72x96,108x144,160x213,240x320,360x480,480x640,540x720,640x853,720x960&from=bu&cs=720x0",уровень 4*. жизнь общины ,феор внутри,Деятельность школы / Контент общины,,Два ребёнка играют за ярким игровым столом в помещении; на столе светящиеся кольца разного цвета и мультяшные иллюстрации.,"показать детей, играющих за игровым столом",,,,
"https://sun9-82.userapi.com/s/v1/if1/1LJ9XddYQsIE5KI2uWHdeYVMMUIyeQRFwVKc_CRCCC_yLU1MPcEDr1ToGqJhLg-mnvJ4uZ6P.jpg?quality=96&as=32x24,48x36,72x54,108x81,160x120,240x180,360x270,480x360,540x405,640x480,720x540,1080x810,1280x960,1440x1080,2560x1920&from=bu&cs=2560x0",уровень 4*. жизнь общины ,феор внутри,Деятельность школы / Контент общины,,"Группа людей сидит вокруг белого стола в помещении, обсуждают документы; на окнах яркие разноцветные занавески.",проведение встречи,,,,
"https://sun9-60.userapi.com/s/v1/ig2/1UvCViQBGE9AiwJhf2AiLXDxLVY6fmNi6QzDP9LWsFqrqgNzPfrD_aP8-wxKjXnI6ZPJrmjGxAHwoT05hz_yajUU.jpg?quality=95&as=32x43,48x64,72x96,108x144,160x213,240x320,360x480,480x640,540x721,640x854,720x961,1080x1441,1280x1708,1388x1852&from=bu&cs=1388x0",уровень 4*. жизнь общины ,феор внутри,Деятельность школы / Контент общины,,"Двое детей на кухне: девушка в ярко-зеленом фартуке и очках и парень в зелёной футболке и белой кипе работают над роллами суши на разделочных досках; стол покрыт голубой клеёнкой. Рядом миски, ингредиенты и упаковка, характерная кухонная/учебная среда.",показать процесс приготовления суши,,,,
"https://sun9-21.userapi.com/s/v1/ig2/Ca3OTzOe37DB8jEy41eyelRYF8YMajHm9fFrjRGjm_bMO5-HWIyBd0orkifDS1WmPYh8FhQ_9mYOSdAa7KKN2g9y.jpg?quality=95&as=32x43,48x64,72x96,108x144,160x213,240x320,360x480,480x640,540x721,640x854,720x961,1080x1441,1280x1708,1388x1852&from=bu&cs=1388x0",уровень 4*. жизнь общины ,феор внутри,Деятельность школы / Контент общины,,"Группа девушек вокруг длинного стола в светлой комнате, заняты документами/письменной работой. На столе — бумага, карандаши, зеленые тарелки, кружки и миска попкорна; за спиной окно с светло-оранжевыми занавесками.",показать группу детей за столом во время занятия,,,,TRUE
"https://sun9-84.userapi.com/s/v1/ig2/AILWrTvwxG0elc5jpw7Ye0Q2y_rEFld-2P_wVCorq1AdJ7mpuSdnVPlnw3Ur0zYS2H7wR124VTFJyD5rdug2LVgh.jpg?quality=95&as=32x43,48x64,72x96,108x144,160x213,240x320,360x480,480x640,540x721,640x854,720x961,1080x1441,1280x1708,1388x1852&from=bu&cs=1388x0",уровень 4*. жизнь общины ,феор внутри,Деятельность школы / Контент общины,,"Группа людей сидит вокруг длинного стола в конференц-зале, перед проектором и экраном",показать группу людей на совещании за столом,,,,
"https://sun9-87.userapi.com/s/v1/ig2/hHbOMr5bk_RsYorWXX7nf8Cz_EPzC0KitqKHpZwjv7doD1Wp0zaqLHfa--lf6jFr4wO3xYmamQvAohJZ2mNDUH0H.jpg?quality=95&as=32x43,48x64,72x96,108x144,160x213,240x320,360x480,480x640,540x721,640x854,720x961,1080x1441,1280x1708,1388x1852&from=bu&cs=1388x0",уровень 4*. жизнь общины ,феор внутри,Деятельность школы / Контент общины,,"Группа людей держит плакаты на улице, позируют перед зданиями и деревьями.",задокументировать городскую scenу,,,,
"https://sun9-75.userapi.com/s/v1/ig1/EpliTMB3V4Au6JSvrPLAEMPhDLPapPSXWHT81VJuEZlY7M7LnA8Vah4S9J32MwXFUtc_PfBv.jpg?quality=96&as=32x43,48x64,72x96,108x144,160x213,240x320,360x480,480x640,540x720,640x853,720x960,1080x1440,1280x1707,1440x1920,1620x2160&from=bu&cs=1620x0",уровень 4*. жизнь общины ,феор внутри,Деятельность школы / Контент общины,,"Девочка держит на тарелке круглую выпечку внутри помещения, на фоне школьной комнаты",сделать портрет,,,,
"https://sun9-19.userapi.com/s/v1/if1/e3dGRO-dKnD0KCGYspxg1EbtCxXVwhL87SK7mTuWGiieFqVNXBNxWgnE_ZBp4Vs0h0Ze2Xd-.jpg?quality=96&as=32x24,48x36,72x54,108x81,160x120,240x180,360x270,480x360,540x405,640x480,720x540,1080x810,1280x960,1440x1080,2560x1920&from=bu&cs=2560x0",уровень 4*. жизнь общины ,феор внутри,Деятельность школы / Контент общины,,детская игровая площадка на улице с ярко окрашенной конструкцией; человек на платформе держит разноцветные воздушные шары,показать детскую игровую площадку,,,,
"https://sun9-60.userapi.com/s/v1/ig2/Wf5TLvZpX5YCdZf46oXFH9nmIaYrU8gZ_ShyURhfXXH5Fysco5qAUo5Hmj2_D2Rmwh-afBJsFjCMx2DhCoeOTsVR.jpg?quality=96&as=32x43,48x64,72x96,108x144,160x213,240x320,360x480,480x640,540x721,640x854,720x961,1080x1441,1280x1708,1388x1852&from=bu&cs=1388x0",уровень 4*. жизнь общины ,феор внутри,Деятельность школы / Контент общины,,Молодой мужчина в синем свитере стоит на желтой стене и держит белую чашку с палочками и ломтиками фруктов.,портрет человека в помещении,,,,FALSE
"https://sun9-81.userapi.com/s/v1/if2/sA7FMdcDUhquxW1fJJWq3ehjmeN547L02SaM3-SR1EitS7js6vV0OP--Cr17kvb6ieaTzM6tf-Yu-MMsxQi1ml_3.jpg?quality=95&as=32x24,48x36,72x54,108x81,160x120,240x180,360x270,480x360,540x405,640x480,720x540,1080x810,1280x960,1440x1080,1600x1200&from=bu&cs=1600x0",уровень 0. урбанистический фон,ФЕОР снаружи,,,"Жёлтое здание вдоль улицы с рядами деревьев, вдоль фасада стоят припаркованные автомобили",показать здание,yes,фасад / здание в городе,,
"https://sun9-19.userapi.com/s/v1/if1/e3dGRO-dKnD0KCGYspxg1EbtCxXVwhL87SK7mTuWGiieFqVNXBNxWgnE_ZBp4Vs0h0Ze2Xd-.jpg?quality=96&as=32x24,48x36,72x54,108x81,160x120,240x180,360x270,480x360,540x405,640x480,720x540,1080x810,1280x960,1440x1080,2560x1920&from=bu&cs=2560x0",,феор внутри,Деятельность школы / Контент общины,детская игровая площадка на улице с ярко окрашенной конструкцией; человек на платформе держит разноцветные воздушные шары,показать детскую игровую площадку,,,,,
"https://sun9-60.userapi.com/s/v1/ig2/Wf5TLvZpX5YCdZf46oXFH9nmIaYrU8gZ_ShyURhfXXH5Fysco5qAUo5Hmj2_D2Rmwh-afBJsFjCMx2DhCoeOTsVR.jpg?quality=96&as=32x43,48x64,72x96,108x144,160x213,240x320,360x480,480x640,540x721,640x854,720x961,1080x1441,1280x1708,1388x1852&from=bu&cs=1388x0",,феор внутри,Деятельность школы / Контент общины,Молодой мужчина в синем свитере стоит на желтой стене и держит белую чашку с палочками и ломтиками фруктов.,портрет человека в помещении,,,,,